{
"type": "FeatureCollection",
"name": "Buildings111",
"crs": { "type": "name", "properties": { "name": "urn:ogc:def:crs:EPSG::32632" } },
"features": [
{ "type": "Feature", "properties": { "gid": 1, "id": 0, "names": "A1", "area_m2": 409.39648873051408, "building_function": "Laboratory" }, "geometry": { "type": "MultiPolygon", "coordinates": [ [ [ [ 380810.834764533385169, 556766.986393322004005 ], [ 380828.901357971190009, 556760.779095510137267 ], [ 380831.126137064595241, 556767.63354118342977 ], [ 380838.921972675074358, 556765.160156526253559 ], [ 380832.935349324892741, 556746.166243797750212 ], [ 380806.861675907042809, 556754.585516581311822 ], [ 380810.834764533385169, 556766.986393322004005 ] ] ] ] } },
{ "type": "Feature", "properties": { "gid": 35, "id": 0, "names": "B15", "area_m2": 78.051764279429818, "building_function": "Classrooms" }, "geometry": { "type": "MultiPolygon", "coordinates": [ [ [ [ 380956.833080457756296, 556986.953749734675512 ], [ 380964.020732113509439, 556983.211851531639695 ], [ 380958.907551766023971, 556974.542955014738254 ], [ 380952.3123418460018, 556978.009031707188115 ], [ 380956.833080457756296, 556986.953749734675512 ] ] ] ] } },
{ "type": "Feature", "properties": { "gid": 42, "id": 0, "names": "C2", "area_m2": 59.550817150489721, "building_function": "Laboratory" }, "geometry": { "type": "MultiPolygon", "coordinates": [ [ [ [ 380946.876443976769224, 557087.693429131992161 ], [ 380951.029448030341882, 557081.352030235691927 ], [ 380944.276475174934603, 557077.017954659997486 ], [ 380940.387152223964222, 557083.463623687392101 ], [ 380946.876443976769224, 557087.693429131992161 ] ] ] ] } },
{ "type": "Feature", "properties": { "gid": 69, "id": 0, "names": "D1", "area_m2": 47.054527474458531, "building_function": "Admin Block" }, "geometry": { "type": "MultiPolygon", "coordinates": [ [ [ [ 380818.44843410491012, 556957.240491121658124 ], [ 380825.692345285555348, 556955.657997977919877 ], [ 380824.364986671716906, 556949.705161862657405 ], [ 380816.659880029270425, 556951.255695297732018 ], [ 380818.44843410491012, 556957.240491121658124 ] ] ] ] } },
{ "type": "Feature", "properties": { "gid": 10, "id": 0, "names": "A10", "area_m2": 77.689374402332476, "building_function": "Classrooms" }, "geometry": { "type": "MultiPolygon", "coordinates": [ [ [ [ 380734.178818838379811, 556791.313526794780046 ], [ 380738.299582496285439, 556797.379562968737446 ], [ 380741.983712709392421, 556794.337074468028732 ], [ 380739.024808765097987, 556789.734978006919846 ], [ 380743.340845035156235, 556786.377335689030588 ], [ 380739.855611877457704, 556782.194922226830386 ], [ 380733.32954589498695, 556787.65028799790889 ], [ 380734.178818838379811, 556791.313526794780046 ] ] ] ] } },
{ "type": "Feature", "properties": { "gid": 30, "id": 0, "names": "B10", "area_m2": 178.56574301804733, "building_function": "Laboratory" }, "geometry": { "type": "MultiPolygon", "coordinates": [ [ [ [ 380889.932530595397111, 556946.910271889064461 ], [ 380896.786891203431878, 556948.796737665426917 ], [ 380896.20164774620207, 556953.443927715299651 ], [ 380900.946318859467283, 556954.352271036827005 ], [ 380902.520583597710356, 556950.226970860967413 ], [ 380907.726934346952476, 556951.461753418319859 ], [ 380909.168151897261851, 556946.551394737092778 ], [ 380906.069980973552447, 556945.378580050193705 ], [ 380906.985365879430901, 556941.188924759277143 ], [ 380902.107861912809312, 556939.626401304500178 ], [ 380901.648660827078857, 556940.805074172792956 ], [ 380896.178584541834425, 556939.439846376655623 ], [ 380896.047907709726132, 556940.09445973567199 ], [ 380893.543278262019157, 556939.313306797179393 ], [ 380892.624768591718748, 556941.605213054572232 ], [ 380890.713357861968689, 556941.019402700825594 ], [ 380889.932530595397111, 556946.910271889064461 ] ] ] ] } },
{ "type": "Feature", "properties": { "gid": 31, "id": 0, "names": "B11", "area_m2": 158.64457793941293, "building_function": "Library" }, "geometry": { "type": "MultiPolygon", "coordinates": [ [ [ [ 380908.497353391954675, 556951.251077367924154 ], [ 380914.762912238307763, 556955.625226519652642 ], [ 380916.538688582833856, 556953.85542787972372 ], [ 380929.132448692456819, 556960.640430245432071 ], [ 380931.889272871776484, 556954.549990491243079 ], [ 380912.241365615103859, 556944.570051907096058 ], [ 380908.497353391954675, 556951.251077367924154 ] ] ] ] } },
{ "type": "Feature", "properties": { "gid": 14, "id": 0, "names": "Students Affairs Division", "area_m2": 654.48157892577433, "building_function": "Laboratory" }, "geometry": { "type": "MultiPolygon", "coordinates": [ [ [ [ 380712.60795201943256, 556898.431733331293799 ], [ 380722.722049349162262, 556895.588049829355441 ], [ 380706.191512507444713, 556842.53045285155531 ], [ 380693.233317411330063, 556846.478221226017922 ], [ 380696.26089948770823, 556860.765308720525354 ], [ 380699.73792986292392, 556859.974294697516598 ], [ 380712.60795201943256, 556898.431733331293799 ] ] ] ] } },
{ "type": "Feature", "properties": { "gid": 306, "id": 0, "names": "L2", "area_m2": 2189.8806907826097, "building_function": "Classrooms" }, "geometry": { "type": "MultiPolygon", "coordinates": [ [ [ [ 386410.240688437304925, 557429.710345598286949 ], [ 386429.618707506160717, 557422.577139215311036 ], [ 386393.459476270363666, 557326.746900625759736 ], [ 386372.497397560626268, 557333.093408431624994 ], [ 386410.240688437304925, 557429.710345598286949 ] ] ] ] } },
{ "type": "Feature", "properties": { "gid": 33, "id": 0, "names": "B13", "area_m2": 318.28481256004449, "building_function": "Library" }, "geometry": { "type": "MultiPolygon", "coordinates": [ [ [ [ 380936.273404678679071, 556969.881858804263175 ], [ 380940.827660365845077, 556975.174982788506895 ], [ 380939.315177604963537, 556976.813467275467701 ], [ 380943.27481394255301, 556981.060533451498486 ], [ 380944.722065844689496, 556979.814795163576491 ], [ 380947.756835047737695, 556982.492829546099529 ], [ 380951.76791213004617, 556977.970882229506969 ], [ 380950.777383763517719, 556976.53283788182307 ], [ 380959.659067405096721, 556969.385281822760589 ], [ 380946.128595634014346, 556953.832886148593388 ], [ 380940.603741148253903, 556959.208044469123706 ], [ 380950.10870051413076, 556970.513479377957992 ], [ 380948.265861764550209, 556971.563549561891705 ], [ 380943.578774753841572, 556965.616245744167827 ], [ 380942.263169264362659, 556966.796327725751325 ], [ 380940.745945901493542, 556965.555469685117714 ], [ 380937.123667576583102, 556966.150391318253241 ], [ 380936.273404678679071, 556969.881858804263175 ] ] ] ] } },
{ "type": "Feature", "properties": { "gid": 34, "id": 0, "names": "B14", "area_m2": 1761.1810632214008, "building_function": "Laboratory" }, "geometry": { "type": "MultiPolygon", "coordinates": [ [ [ [ 380956.116832157596946, 556965.313712778966874 ], [ 380961.602247318369336, 556964.725824822322465 ], [ 380969.394390246830881, 556992.040645785047673 ], [ 380965.602706922218204, 556993.774496571626514 ], [ 380962.901473493606318, 556985.612061217310838 ], [ 380952.946268250874709, 556988.926613048650324 ], [ 380953.740673015534412, 556991.28113663312979 ], [ 380950.105802358943038, 556992.229453078587539 ], [ 380949.322256956831552, 556996.471239254577085 ], [ 380951.385899601154961, 557001.493614867911674 ], [ 380953.756186056940351, 557000.704435721039772 ], [ 380954.708696024026722, 557003.058698622277007 ], [ 380958.184943747590296, 557001.796532775624655 ], [ 380961.995758281555027, 557011.684748682193458 ], [ 380970.686893805454019, 557008.843445370672271 ], [ 380969.253347117395606, 557002.406534375157207 ], [ 380972.888217270956375, 557001.458218968706205 ], [ 380977.499637674889527, 557017.470276538282633 ], [ 380991.722905060974881, 557013.677538326941431 ], [ 380984.363239589729346, 556975.344575280090794 ], [ 380978.700743173249066, 556945.12071557668969 ], [ 380973.48429911758285, 556945.757522752508521 ], [ 380972.293855903611984, 556942.932482793461531 ], [ 380956.491717459517531, 556948.062796460348181 ], [ 380956.49611235311022, 556950.73273288027849 ], [ 380952.307870670338161, 556951.681960182148032 ], [ 380956.116832157596946, 556965.313712778966874 ] ] ] ] } },
{ "type": "Feature", "properties": { "gid": 36, "id": 0, "names": "B16", "area_m2": 201.38024438191408, "building_function": "Classrooms" }, "geometry": { "type": "MultiPolygon", "coordinates": [ [ [ [ 380959.905779762659222, 557015.074695615447126 ], [ 380962.353846290556248, 557029.519757831469178 ], [ 380973.365234838332981, 557027.512263927492313 ], [ 380973.039976134197786, 557022.015862420317717 ], [ 380974.672954588662833, 557021.542008437565528 ], [ 380974.459734798467252, 557020.076509487698786 ], [ 380976.093230324506294, 557019.916765384492464 ], [ 380975.186701625178102, 557013.478987925453112 ], [ 380968.706023865903262, 557014.484339384711348 ], [ 380968.01616146392189, 557011.606126562226564 ], [ 380959.905779762659222, 557015.074695615447126 ] ] ] ] } },
{ "type": "Feature", "properties": { "gid": 37, "id": 0, "names": "B17", "area_m2": 422.93344318602055, "building_function": "Classrooms" }, "geometry": { "type": "MultiPolygon", "coordinates": [ [ [ [ 380968.818714030901901, 557057.328844643314369 ], [ 380978.399868578766473, 557058.903257188736461 ], [ 380987.988493159413338, 557016.986427611322142 ], [ 380986.405889905057847, 557016.046700211125426 ], [ 380976.648061802145094, 557019.203867880976759 ], [ 380968.818714030901901, 557057.328844643314369 ] ] ] ] } },
{ "type": "Feature", "properties": { "gid": 38, "id": 0, "names": "B18", "area_m2": 83.633003896244006, "building_function": "Classrooms" }, "geometry": { "type": "MultiPolygon", "coordinates": [ [ [ [ 380980.033546322956681, 557058.854760250309482 ], [ 380976.416831357288174, 557062.826359032886103 ], [ 380968.243325817747973, 557059.960467631812207 ], [ 380966.601245077792555, 557062.907957104849629 ], [ 380975.356278985214885, 557066.872277598944493 ], [ 380979.101892077887896, 557069.169588760240003 ], [ 380984.412183322652709, 557061.517492238199338 ], [ 380980.033546322956681, 557058.854760250309482 ] ] ] ] } },
{ "type": "Feature", "properties": { "gid": 39, "id": 0, "names": "B19", "area_m2": 141.19182104754577, "building_function": "Classrooms" }, "geometry": { "type": "MultiPolygon", "coordinates": [ [ [ [ 380945.173088408540934, 557074.231365299667232 ], [ 380953.400760975433514, 557077.987143875099719 ], [ 380960.282274693832733, 557064.364359153900295 ], [ 380951.632728932250757, 557060.452218164573424 ], [ 380945.173088408540934, 557074.231365299667232 ] ] ] ] } },
{ "type": "Feature", "properties": { "gid": 40, "id": 0, "names": "B20", "area_m2": 41.233061599229529, "building_function": "Classrooms" }, "geometry": { "type": "MultiPolygon", "coordinates": [ [ [ [ 380953.524824016552884, 557060.511925025843084 ], [ 380962.780245404515881, 557064.305277295061387 ], [ 380964.237288208445534, 557061.004718040931039 ], [ 380955.41510428924812, 557056.268320367787965 ], [ 380953.524824016552884, 557060.511925025843084 ] ] ] ] } },
{ "type": "Feature", "properties": { "gid": 41, "id": 0, "names": "C1", "area_m2": 121.4526906303692, "building_function": "Classrooms" }, "geometry": { "type": "MultiPolygon", "coordinates": [ [ [ [ 380962.251635239226744, 557079.34418719727546 ], [ 380965.876675978535786, 557072.427788833272643 ], [ 380970.701984703424387, 557074.304507910273969 ], [ 380973.936805234756321, 557070.451329367235303 ], [ 380965.230551858257968, 557064.10492428438738 ], [ 380961.282448287121952, 557066.859891110681929 ], [ 380957.030934414884541, 557077.38959220435936 ], [ 380962.251635239226744, 557079.34418719727546 ] ] ] ] } },
{ "type": "Feature", "properties": { "gid": 43, "id": 0, "names": "C3", "area_m2": 44.576042846457177, "building_function": "Classrooms" }, "geometry": { "type": "MultiPolygon", "coordinates": [ [ [ [ 380939.244997582340147, 557092.09394378378056 ], [ 380944.52071666152915, 557095.45539925515186 ], [ 380948.298683687695302, 557089.396008882205933 ], [ 380942.759617601870559, 557086.133145965985022 ], [ 380939.244997582340147, 557092.09394378378056 ] ] ] ] } },
{ "type": "Feature", "properties": { "gid": 44, "id": 0, "names": "C4", "area_m2": 151.19884852283761, "building_function": "Laboratory" }, "geometry": { "type": "MultiPolygon", "coordinates": [ [ [ [ 380932.418239713704679, 557101.959309336030856 ], [ 380938.421785852639005, 557107.250035127392039 ], [ 380937.831801557913423, 557109.017877459176816 ], [ 380941.327706397452857, 557111.695146336918697 ], [ 380942.971293350565247, 557109.663810475962237 ], [ 380945.345670823764522, 557111.361331559251994 ], [ 380949.551460849586874, 557105.072199112619273 ], [ 380935.039637937326916, 557093.644154584617354 ], [ 380932.418239713704679, 557101.959309336030856 ] ] ] ] } },
{ "type": "Feature", "properties": { "gid": 45, "id": 0, "names": "C5", "area_m2": 59.589002139416849, "building_function": "Laboratory" }, "geometry": { "type": "MultiPolygon", "coordinates": [ [ [ [ 380947.757704725838266, 557102.588445720961317 ], [ 380952.440420911065303, 557105.885437854100019 ], [ 380958.65287786902627, 557098.022449689684436 ], [ 380953.278236410114914, 557094.595716717420146 ], [ 380947.757704725838266, 557102.588445720961317 ] ] ] ] } },
{ "type": "Feature", "properties": { "gid": 46, "id": 0, "names": "C6", "area_m2": 148.80153898511756, "building_function": "Laboratory" }, "geometry": { "type": "MultiPolygon", "coordinates": [ [ [ [ 380984.808947194949724, 556971.637115137884393 ], [ 380989.593074184609577, 556996.522525802603923 ], [ 380994.097394482349046, 556995.494252916891128 ], [ 380992.159940436074976, 556971.075323613127694 ], [ 380984.808947194949724, 556971.637115137884393 ] ] ] ] } },
{ "type": "Feature", "properties": { "gid": 47, "id": 0, "names": "C7", "area_m2": 61.854722363437418, "building_function": "Laboratory" }, "geometry": { "type": "MultiPolygon", "coordinates": [ [ [ [ 380992.61671806499362, 557008.45375846629031 ], [ 380998.304371582053136, 557005.931512431008741 ], [ 380994.967878107505385, 556996.04251425107941 ], [ 380989.911094044102356, 556997.621390157728456 ], [ 380992.61671806499362, 557008.45375846629031 ] ] ] ] } },
{ "type": "Feature", "properties": { "gid": 48, "id": 0, "names": "C8", "area_m2": 163.38006203604323, "building_function": "Laboratory" }, "geometry": { "type": "MultiPolygon", "coordinates": [ [ [ [ 380994.366318190586753, 556995.581761383102275 ], [ 381000.563975986791775, 556995.529680833104067 ], [ 380999.540755631460343, 556977.10667101724539 ], [ 380998.7378884392092, 556969.608595016994514 ], [ 380992.473068651685026, 556970.482709286734462 ], [ 380994.366318190586753, 556995.581761383102275 ] ] ] ] } },
{ "type": "Feature", "properties": { "gid": 49, "id": 0, "names": "C9", "area_m2": 119.85767787115023, "building_function": "Laboratory" }, "geometry": { "type": "MultiPolygon", "coordinates": [ [ [ [ 381006.937037702649832, 556985.332057042745873 ], [ 381006.342422046465799, 556968.272889723884873 ], [ 381006.052562282886356, 556968.273366669425741 ], [ 380998.963441041938495, 556967.840041280374862 ], [ 381000.382148078933824, 556985.277403501444496 ], [ 381006.937037702649832, 556985.332057042745873 ] ] ] ] } },
{ "type": "Feature", "properties": { "gid": 50, "id": 0, "names": "C10", "area_m2": 152.33992461858313, "building_function": "Laboratory" }, "geometry": { "type": "MultiPolygon", "coordinates": [ [ [ [ 380928.052917727734894, 557019.001084665069357 ], [ 380940.69875196297653, 557017.409708608174697 ], [ 380939.098305214371067, 557005.633189925341867 ], [ 380926.452210220741108, 557007.067511110799387 ], [ 380928.052917727734894, 557019.001084665069357 ] ] ] ] } },
{ "type": "Feature", "properties": { "gid": 51, "id": 0, "names": "C11", "area_m2": 201.22943255376191, "building_function": "Classrooms" }, "geometry": { "type": "MultiPolygon", "coordinates": [ [ [ [ 380938.180650692549534, 557056.455192179768346 ], [ 380947.028463064983953, 557052.7498243029695 ], [ 380941.06719407485798, 557033.127725299214944 ], [ 380931.823081734473817, 557036.205525676952675 ], [ 380938.180650692549534, 557056.455192179768346 ] ] ] ] } },
{ "type": "Feature", "properties": { "gid": 52, "id": 0, "names": "C12", "area_m2": 590.34751916759228, "building_function": "Classrooms" }, "geometry": { "type": "MultiPolygon", "coordinates": [ [ [ [ 380934.278211898053996, 557048.535560775082558 ], [ 380929.636884925479535, 557033.570595966884866 ], [ 380938.168618979805615, 557029.944274504086934 ], [ 380935.812542033090722, 557020.158370057470165 ], [ 380924.643908973317593, 557022.689646701328456 ], [ 380919.45655010046903, 557008.982018821523525 ], [ 380909.346433815720957, 557014.233848356292583 ], [ 380923.74372846231563, 557052.112828661804087 ], [ 380934.278211898053996, 557048.535560775082558 ] ] ] ] } },
{ "type": "Feature", "properties": { "gid": 18, "id": 0, "names": "A18", "area_m2": 562.16730474921326, "building_function": "Library" }, "geometry": { "type": "MultiPolygon", "coordinates": [ [ [ [ 380766.672872377152089, 556871.731235556304455 ], [ 380807.548114102042746, 556858.666629290790297 ], [ 380803.522410901845433, 556846.318207817268558 ], [ 380762.646730454056524, 556859.121058283373713 ], [ 380766.672872377152089, 556871.731235556304455 ] ] ] ] } },
{ "type": "Feature", "properties": { "gid": 53, "id": 0, "names": "C13", "area_m2": 316.70326868278573, "building_function": "Laboratory" }, "geometry": { "type": "MultiPolygon", "coordinates": [ [ [ [ 380926.388317885692231, 557077.080262510920875 ], [ 380936.711818205541931, 557073.39863938675262 ], [ 380935.016225350671448, 557067.852145714685321 ], [ 380939.862024537636898, 557066.168910058564506 ], [ 380937.742921613215003, 557059.471374433604069 ], [ 380931.94952552265022, 557061.784391860594042 ], [ 380931.100952991808299, 557058.539980041910894 ], [ 380936.473425220756326, 557056.646469726460055 ], [ 380934.354494283732492, 557050.053636448225006 ], [ 380919.08168382733129, 557056.5704066012986 ], [ 380926.388317885692231, 557077.080262510920875 ] ] ] ] } },
{ "type": "Feature", "properties": { "gid": 54, "id": 0, "names": "C14", "area_m2": 312.75638325896432, "building_function": "Classrooms" }, "geometry": { "type": "MultiPolygon", "coordinates": [ [ [ [ 380907.017001752392389, 557005.695615914883092 ], [ 380929.928303868393414, 556997.176894364412874 ], [ 380932.230269601917826, 557002.905626576859504 ], [ 380937.365717643755488, 557001.091033758479171 ], [ 380934.029473751201294, 556991.359090909943916 ], [ 380929.605757496377919, 556993.329567583976313 ], [ 380926.987192839733325, 556987.365772736258805 ], [ 380903.601700889121275, 556995.963804441853426 ], [ 380907.017001752392389, 557005.695615914883092 ] ] ] ] } },
{ "type": "Feature", "properties": { "gid": 55, "id": 0, "names": "C15", "area_m2": 435.19902435679001, "building_function": "Library" }, "geometry": { "type": "MultiPolygon", "coordinates": [ [ [ [ 380895.474138394172769, 556974.60194224701263 ], [ 380901.616515562636778, 556992.182037851540372 ], [ 380923.105391251388937, 556983.97976691450458 ], [ 380926.479511838697363, 556984.707136482349597 ], [ 380928.169933916709851, 556987.112536553409882 ], [ 380934.807426811719779, 556985.321646103286184 ], [ 380931.732967263204046, 556974.542233582702465 ], [ 380921.298186409170739, 556974.664118687389418 ], [ 380907.182039483799599, 556979.5037319510011 ], [ 380904.322176150802989, 556971.027445904328488 ], [ 380895.474138394172769, 556974.60194224701263 ] ] ] ] } },
{ "type": "Feature", "properties": { "gid": 56, "id": 0, "names": "ID Card Block", "area_m2": 196.56460146082588, "building_function": "Classrooms" }, "geometry": { "type": "MultiPolygon", "coordinates": [ [ [ [ 380875.347850009158719, 557003.480945988092571 ], [ 380887.83118471322814, 556999.219886041828431 ], [ 380882.590167214628309, 556984.936472870293073 ], [ 380870.423558134119958, 556989.511123254196718 ], [ 380875.347850009158719, 557003.480945988092571 ] ] ] ] } },
{ "type": "Feature", "properties": { "gid": 57, "id": 0, "names": "Academic Block", "area_m2": 1148.5001193206683, "building_function": "Laboratory" }, "geometry": { "type": "MultiPolygon", "coordinates": [ [ [ [ 380902.66126285342034, 557077.86709913040977 ], [ 380917.146150155807845, 557072.935264381463639 ], [ 380890.020101987116504, 557002.30503736785613 ], [ 380875.865664258075412, 557007.890732866711915 ], [ 380902.66126285342034, 557077.86709913040977 ] ] ] ] } },
{ "type": "Feature", "properties": { "gid": 58, "id": 0, "names": "Onyema Ugochukwu Hall", "area_m2": 1029.8078914848056, "building_function": "Laboratory" }, "geometry": { "type": "MultiPolygon", "coordinates": [ [ [ [ 380848.41515147080645, 557073.550199899706058 ], [ 380873.962117559451144, 557065.393581435433589 ], [ 380861.517262226785533, 557029.029597989981994 ], [ 380836.232497512595728, 557036.400513392174616 ], [ 380848.41515147080645, 557073.550199899706058 ] ] ] ] } },
{ "type": "Feature", "properties": { "gid": 59, "id": 0, "names": "CBN Hall", "area_m2": 769.96777311864946, "building_function": "Classrooms" }, "geometry": { "type": "MultiPolygon", "coordinates": [ [ [ [ 380824.571687016170472, 557092.043492225813679 ], [ 380840.165872162440792, 557088.667277517844923 ], [ 380823.855394029233139, 557041.158749070251361 ], [ 380809.319720575993415, 557047.255515686352737 ], [ 380824.571687016170472, 557092.043492225813679 ] ] ] ] } },
{ "type": "Feature", "properties": { "gid": 60, "id": 0, "names": "Town Campus Library", "area_m2": 1802.7053494440515, "building_function": "Laboratory" }, "geometry": { "type": "MultiPolygon", "coordinates": [ [ [ [ 380853.021616716869175, 556974.326351270778105 ], [ 380860.135582839953713, 556973.843464362551458 ], [ 380860.603689187380951, 556970.073361019371077 ], [ 380881.632740591361653, 556970.666941686533391 ], [ 380882.219633054803126, 556943.024202046799473 ], [ 380860.560221718391404, 556943.68810222717002 ], [ 380861.028846073022578, 556940.232107687392272 ], [ 380881.582555003638845, 556940.198251265916042 ], [ 380881.877554310136475, 556927.319208011846058 ], [ 380839.345884630340151, 556926.603993512573652 ], [ 380839.367621315410361, 556939.796627996605821 ], [ 380844.743983512220439, 556940.258936539990827 ], [ 380844.592347114346921, 556944.185575805371627 ], [ 380838.582787037244998, 556943.253143939306028 ], [ 380838.625744914752431, 556969.324294408434071 ], [ 380852.541349085513502, 556970.714865857036784 ], [ 380853.021616716869175, 556974.326351270778105 ] ] ] ] } },
{ "type": "Feature", "properties": { "gid": 61, "id": 0, "names": "C16", "area_m2": 180.23838651600622, "building_function": "Laboratory" }, "geometry": { "type": "MultiPolygon", "coordinates": [ [ [ [ 380827.88253746367991, 556939.52543581824284 ], [ 380838.10738143423805, 556939.927402782370336 ], [ 380838.84529321390437, 556939.978538802359253 ], [ 380838.783620591100771, 556934.534046621760353 ], [ 380836.938797868380789, 556934.380030669039115 ], [ 380837.546636540617328, 556919.458745901123621 ], [ 380829.061554233019706, 556919.420374737703241 ], [ 380829.191197832580656, 556934.131037273909897 ], [ 380827.768507248663809, 556934.290437180316076 ], [ 380827.88253746367991, 556939.52543581824284 ] ] ] ] } },
{ "type": "Feature", "properties": { "gid": 62, "id": 0, "names": "Fine Art Workshop", "area_m2": 504.94846981440901, "building_function": "Library" }, "geometry": { "type": "MultiPolygon", "coordinates": [ [ [ [ 380802.867864744970575, 556950.909563440014608 ], [ 380813.823976377549116, 556947.331580057856627 ], [ 380799.209590713377111, 556905.683572160080075 ], [ 380788.465315468551125, 556909.889432113384828 ], [ 380802.867864744970575, 556950.909563440014608 ] ] ] ] } },
{ "type": "Feature", "properties": { "gid": 63, "id": 0, "names": "Communication Arts Studio", "area_m2": 420.09808878899736, "building_function": "Laboratory" }, "geometry": { "type": "MultiPolygon", "coordinates": [ [ [ [ 380788.469483818276785, 556975.030417899484746 ], [ 380797.686259098467417, 556971.350595836527646 ], [ 380783.124653458420653, 556929.754868749063462 ], [ 380774.699047599104233, 556933.826028546434827 ], [ 380788.469483818276785, 556975.030417899484746 ] ] ] ] } },
{ "type": "Feature", "properties": { "gid": 64, "id": 0, "names": "Communication Arts Block", "area_m2": 787.70006518037917, "building_function": "Classrooms" }, "geometry": { "type": "MultiPolygon", "coordinates": [ [ [ [ 380775.549488142074551, 556986.150307821924798 ], [ 380785.819866079255007, 556982.206988134421408 ], [ 380764.684904902998824, 556917.377870561904274 ], [ 380753.467696874868125, 556922.422145754331723 ], [ 380775.549488142074551, 556986.150307821924798 ] ] ] ] } },
{ "type": "Feature", "properties": { "gid": 65, "id": 0, "names": "Post Office Block", "area_m2": 219.63027884258253, "building_function": "Classrooms" }, "geometry": { "type": "MultiPolygon", "coordinates": [ [ [ [ 380777.89105910732178, 556992.584632506943308 ], [ 380784.016032242041547, 556999.589679964352399 ], [ 380801.697081754682586, 556983.331465651514009 ], [ 380795.045954548113514, 556976.850800933432765 ], [ 380777.89105910732178, 556992.584632506943308 ] ] ] ] } },
{ "type": "Feature", "properties": { "gid": 66, "id": 0, "names": "C17", "area_m2": 51.624350123473256, "building_function": "Classrooms" }, "geometry": { "type": "MultiPolygon", "coordinates": [ [ [ [ 380802.033824285143055, 556966.477980015566573 ], [ 380808.11790641117841, 556964.661813404760323 ], [ 380807.320907932356931, 556960.736738227307796 ], [ 380809.217396636377089, 556960.26244585798122 ], [ 380808.580962730164174, 556957.829133644932881 ], [ 380806.131363750202581, 556958.461393205216154 ], [ 380805.733511594939046, 556956.891493314760737 ], [ 380802.888260682870168, 556957.288821748108603 ], [ 380802.813090875803027, 556959.644779080525041 ], [ 380800.680479455273598, 556960.747683038702235 ], [ 380802.033824285143055, 556966.477980015566573 ] ] ] ] } },
{ "type": "Feature", "properties": { "gid": 67, "id": 0, "names": "C18", "area_m2": 56.05363583140393, "building_function": "Classrooms" }, "geometry": { "type": "MultiPolygon", "coordinates": [ [ [ [ 380813.178962583653629, 556965.674333169357851 ], [ 380822.817958127183374, 556962.360281461151317 ], [ 380821.307286043651402, 556957.101410046452656 ], [ 380811.510313753853552, 556960.494250191142783 ], [ 380813.178962583653629, 556965.674333169357851 ] ] ] ] } },
{ "type": "Feature", "properties": { "gid": 68, "id": 0, "names": "C19", "area_m2": 194.64141961243232, "building_function": "Admin Block" }, "geometry": { "type": "MultiPolygon", "coordinates": [ [ [ [ 380806.955154076509643, 556978.64167214394547 ], [ 380828.945429849962238, 556970.883534512948245 ], [ 380825.902351147844456, 556963.166652222978882 ], [ 380812.33983201731462, 556968.162428837968037 ], [ 380811.01818843948422, 556965.677894365624525 ], [ 380807.331218943698332, 556966.992767231073231 ], [ 380807.996678621973842, 556971.048938473802991 ], [ 380805.100667957100086, 556972.624267017585225 ], [ 380806.955154076509643, 556978.64167214394547 ] ] ] ] } },
{ "type": "Feature", "properties": { "gid": 70, "id": 0, "names": "D2", "area_m2": 26.768186725586126, "building_function": "Classrooms" }, "geometry": { "type": "MultiPolygon", "coordinates": [ [ [ [ 380809.029186312458478, 556955.986482179490849 ], [ 380813.613597181160003, 556955.58628773863893 ], [ 380813.367120930342935, 556949.932693454204127 ], [ 380808.308911010157317, 556950.647779899067245 ], [ 380809.029186312458478, 556955.986482179490849 ] ] ] ] } },
{ "type": "Feature", "properties": { "gid": 71, "id": 0, "names": "Language Lab", "area_m2": 529.27981250332323, "building_function": "Classrooms" }, "geometry": { "type": "MultiPolygon", "coordinates": [ [ [ [ 380686.809611681732349, 557000.055603744229302 ], [ 380722.384362970362417, 557000.625138128874823 ], [ 380722.992951871245168, 556986.175026010372676 ], [ 380687.732849709107541, 556984.662637194385752 ], [ 380686.809611681732349, 557000.055603744229302 ] ] ] ] } },
{ "type": "Feature", "properties": { "gid": 72, "id": 0, "names": "Lang Lab Power House", "area_m2": 32.802221497646876, "building_function": "Library" }, "geometry": { "type": "MultiPolygon", "coordinates": [ [ [ [ 380681.820664569968358, 556962.894017265876755 ], [ 380686.880558515607845, 556963.199780310154893 ], [ 380687.185886744002346, 556956.602940813289024 ], [ 380682.205304228118621, 556956.454102374846116 ], [ 380681.820664569968358, 556962.894017265876755 ] ] ] ] } },
{ "type": "Feature", "properties": { "gid": 73, "id": 0, "names": "Bus Stop", "area_m2": 52.289339821560382, "building_function": "Laboratory" }, "geometry": { "type": "MultiPolygon", "coordinates": [ [ [ [ 380677.869774601946119, 556953.977813495788723 ], [ 380679.97819361242, 556954.183742284192704 ], [ 380681.851102618151344, 556939.417421670863405 ], [ 380677.634954764740542, 556939.424377736984752 ], [ 380676.917859177803621, 556951.990012754802592 ], [ 380677.866837795125321, 556952.197854518191889 ], [ 380677.869774601946119, 556953.977813495788723 ] ] ] ] } },
{ "type": "Feature", "properties": { "gid": 74, "id": 0, "names": "D3", "area_m2": 26.343296638350729, "building_function": "Library" }, "geometry": { "type": "MultiPolygon", "coordinates": [ [ [ [ 380679.090935869142413, 556980.736328048515134 ], [ 380684.467903301760089, 556981.56508598360233 ], [ 380684.353862070478499, 556976.330088353599422 ], [ 380679.504257995286025, 556975.70986759045627 ], [ 380679.090935869142413, 556980.736328048515134 ] ] ] ] } },
{ "type": "Feature", "properties": { "gid": 75, "id": 0, "names": "D4", "area_m2": 281.86334539063762, "building_function": "Library" }, "geometry": { "type": "MultiPolygon", "coordinates": [ [ [ [ 380730.809130909969099, 557018.685493083088659 ], [ 380736.036709716951009, 557024.802033794345334 ], [ 380756.167556520609651, 557008.042427535518073 ], [ 380750.623379580851179, 557001.690822925535031 ], [ 380742.966535856656265, 557008.535363809089176 ], [ 380741.223491585289594, 557006.182406162261032 ], [ 380742.407209746423177, 557004.924010050715879 ], [ 380738.684480898606125, 557000.532595715485513 ], [ 380732.368425100925379, 557005.490260863793083 ], [ 380735.380198137427215, 557010.196958144195378 ], [ 380736.880774439079687, 557009.330678103957325 ], [ 380738.307737610768527, 557011.762684595654719 ], [ 380730.809130909969099, 557018.685493083088659 ] ] ] ] } },
{ "type": "Feature", "properties": { "gid": 76, "id": 0, "names": "Education Block", "area_m2": 474.92367787721406, "building_function": "Classrooms" }, "geometry": { "type": "MultiPolygon", "coordinates": [ [ [ [ 380679.521240750094876, 557029.253558406373486 ], [ 380690.117667721759062, 557031.277794674737379 ], [ 380692.160339582245797, 557023.578706455766223 ], [ 380713.035427491879091, 557026.685376013512723 ], [ 380714.597567901364528, 557015.21774973499123 ], [ 380683.283116313221399, 557009.458359447307885 ], [ 380679.521240750094876, 557029.253558406373486 ] ] ] ] } },
{ "type": "Feature", "properties": { "gid": 77, "id": 0, "names": "Faculty of Arts Block", "area_m2": 270.79472789088322, "building_function": "Laboratory" }, "geometry": { "type": "MultiPolygon", "coordinates": [ [ [ [ 380713.155326059437357, 557059.431233916198835 ], [ 380720.338854902773164, 557061.18625624186825 ], [ 380727.939914115529973, 557036.502931116963737 ], [ 380720.22828609670978, 557034.094380447058938 ], [ 380717.147062234289479, 557043.195590273593552 ], [ 380714.181832158064935, 557042.742403628188185 ], [ 380714.44275007431861, 557041.171418933663517 ], [ 380709.697539653338026, 557039.935891719418578 ], [ 380707.339023351320066, 557047.85799366410356 ], [ 380712.150434440351091, 557049.289730546646751 ], [ 380712.741386030334979, 557048.110840047942474 ], [ 380715.377985585015267, 557049.022646983969025 ], [ 380713.155326059437357, 557059.431233916198835 ] ] ] ] } },
{ "type": "Feature", "properties": { "gid": 78, "id": 0, "names": "Akpan Ekpo Market Complex", "area_m2": 1190.6337006774972, "building_function": "Library" }, "geometry": { "type": "MultiPolygon", "coordinates": [ [ [ [ 380706.38059834059095, 557045.384206997347064 ], [ 380708.899055303540081, 557038.574316870770417 ], [ 380715.541723865666427, 557039.924505464965478 ], [ 380717.430869614239782, 557035.000318806152791 ], [ 380706.257748165924568, 557034.809343872941099 ], [ 380702.477903655031696, 557043.715387928183191 ], [ 380706.38059834059095, 557045.384206997347064 ] ] ], [ [ [ 380697.087466527766082, 557034.719769781338982 ], [ 380679.585984287667088, 557032.026353071909398 ], [ 380677.290431332658045, 557046.165131455636583 ], [ 380696.164402225287631, 557050.217428716016002 ], [ 380697.087466527766082, 557034.719769781338982 ] ] ], [ [ [ 380681.342729433847126, 557010.742436078377068 ], [ 380675.938203700177837, 557009.180798921152018 ], [ 380670.605600481852889, 557051.201936953002587 ], [ 380673.373955206887331, 557052.113524970831349 ], [ 380674.55715313157998, 557050.541018131072633 ], [ 380677.166108224191703, 557034.700289087253623 ], [ 380681.342729433847126, 557010.742436078377068 ] ] ], [ [ [ 380689.259909474640153, 557049.888534491416067 ], [ 380676.29099831514759, 557047.318520569242537 ], [ 380675.272125930234324, 557052.660086439806037 ], [ 380693.855458326055668, 557056.24169584934134 ], [ 380694.484121908550151, 557053.963355164043605 ], [ 380689.262760131212417, 557051.616139376652427 ], [ 380689.259909474640153, 557049.888534491416067 ] ] ], [ [ [ 380713.34984090551734, 557053.016072671860456 ], [ 380702.691820146748796, 557045.599700094200671 ], [ 380702.692338384920731, 557045.913810080499388 ], [ 380702.902972701238468, 557045.808758959872648 ], [ 380698.914049931860063, 557055.762183062150143 ], [ 380711.568690718908329, 557059.510634117759764 ], [ 380713.34984090551734, 557053.016072671860456 ] ] ], [ [ [ 380669.396777504938655, 557053.214241343317553 ], [ 380657.274161212146282, 557052.501323513686657 ], [ 380656.76701742655132, 557064.543075840221718 ], [ 380662.457425040192902, 557063.696054938482121 ], [ 380663.395861054828856, 557057.516993316472508 ], [ 380669.930188616679516, 557057.087394668371417 ], [ 380669.396777504938655, 557053.214241343317553 ] ] ], [ [ [ 380688.588685778493527, 557058.313047266216017 ], [ 380674.143910640152171, 557055.614590148092248 ], [ 380672.77763901441358, 557058.025027885450982 ], [ 380667.193152912950609, 557059.185983934556134 ], [ 380663.937740136985667, 557066.520608907332644 ], [ 380663.524075323832221, 557071.337656960473396 ], [ 380685.55271689617075, 557070.882488160743378 ], [ 380692.82521298143547, 557070.661080472171307 ], [ 380690.395058242487721, 557067.105168533162214 ], [ 380691.436481245676987, 557059.460087794112042 ], [ 380688.588685778493527, 557058.313047266216017 ] ] ] ] } },
{ "type": "Feature", "properties": { "gid": 79, "id": 0, "names": "Restaurant one block", "area_m2": 251.33596888168947, "building_function": "Classrooms" }, "geometry": { "type": "MultiPolygon", "coordinates": [ [ [ [ 380668.112188279686961, 557085.957174458890222 ], [ 380687.873008857946843, 557084.511064615799114 ], [ 380686.665967835346237, 557071.634516894933768 ], [ 380667.774204135290347, 557072.765081495628692 ], [ 380667.932309398020152, 557072.764820554875769 ], [ 380668.011362023593392, 557072.764690084615722 ], [ 380668.112188279686961, 557085.957174458890222 ] ] ] ] } },
{ "type": "Feature", "properties": { "gid": 80, "id": 0, "names": "Computer Cluster one", "area_m2": 311.34370387290068, "building_function": "Library" }, "geometry": { "type": "MultiPolygon", "coordinates": [ [ [ [ 380663.433451174991205, 557072.126218955847435 ], [ 380663.524075323308352, 557071.337656958145089 ], [ 380662.676843646913767, 557072.106445373618044 ], [ 380663.433451174991205, 557072.126218955847435 ] ] ], [ [ [ 380659.94692615151871, 557102.464079491794109 ], [ 380673.331956272595562, 557101.709062290145084 ], [ 380673.853443834406789, 557098.357688140007667 ], [ 380680.27009570406517, 557090.494331836118363 ], [ 380679.315071069868281, 557086.621876164921559 ], [ 380667.510744953469839, 557087.164875735645182 ], [ 380666.971976481785532, 557080.045922069111839 ], [ 380667.387278889655136, 557072.229550464195199 ], [ 380663.433451174991205, 557072.126218955847435 ], [ 380659.94692615151871, 557102.464079491794109 ] ] ] ] } },
{ "type": "Feature", "properties": { "gid": 81, "id": 0, "names": "Zenith Bank", "area_m2": 69.975917658321663, "building_function": "Library" }, "geometry": { "type": "MultiPolygon", "coordinates": [ [ [ [ 380708.064097978873178, 557076.46465385670308 ], [ 380724.392138400056865, 557070.679020147770643 ], [ 380723.924736934888642, 557066.88428658968769 ], [ 380715.03725455928361, 557070.498133709304966 ], [ 380713.71798350289464, 557069.45327443885617 ], [ 380706.6740911352681, 557072.475123509066179 ], [ 380708.064097978873178, 557076.46465385670308 ] ] ] ] } },
{ "type": "Feature", "properties": { "gid": 82, "id": 0, "names": "Cartography Lab 1", "area_m2": 57.139467405110658, "building_function": "Library" }, "geometry": { "type": "MultiPolygon", "coordinates": [ [ [ [ 380721.522772362921387, 557109.698912219959311 ], [ 380732.582705827895552, 557105.178415231173858 ], [ 380731.310437504551373, 557100.67826246493496 ], [ 380720.460446523502469, 557104.674895820324309 ], [ 380721.522772362921387, 557109.698912219959311 ] ] ] ] } },
{ "type": "Feature", "properties": { "gid": 83, "id": 0, "names": "Rooms 49/50", "area_m2": 604.01771544196447, "building_function": "Classrooms" }, "geometry": { "type": "MultiPolygon", "coordinates": [ [ [ [ 380716.246381733333692, 557105.938290568999946 ], [ 380735.102370771404821, 557099.101454376592301 ], [ 380725.463503063248936, 557070.533285387093201 ], [ 380706.50296663044719, 557077.893815670628101 ], [ 380716.246381733333692, 557105.938290568999946 ] ] ] ] } },
{ "type": "Feature", "properties": { "gid": 84, "id": 0, "names": "Continuing Education Block", "area_m2": 870.39768921625955, "building_function": "Classrooms" }, "geometry": { "type": "MultiPolygon", "coordinates": [ [ [ [ 380692.210391195258126, 557081.194620219990611 ], [ 380695.078831804799847, 557094.853701179148629 ], [ 380685.439339049509726, 557097.853659205837175 ], [ 380684.485265057417564, 557094.557071900228038 ], [ 380677.691925195336808, 557097.70938951370772 ], [ 380678.012541951262392, 557100.378800815087743 ], [ 380670.113503380736802, 557104.161165143828839 ], [ 380671.237088799593039, 557114.367905252147466 ], [ 380675.819546487997286, 557112.789789151400328 ], [ 380676.932503628835548, 557116.557279175380245 ], [ 380686.413888454146218, 557113.557581086759456 ], [ 380686.249303655233234, 557109.631470487336628 ], [ 380699.206411783059593, 557105.055485324352048 ], [ 380703.019853764446452, 557116.514228558167815 ], [ 380715.976960975909606, 557111.938246792065911 ], [ 380704.220687461958732, 557077.719585189013742 ], [ 380692.210391195258126, 557081.194620219990611 ] ] ] ] } },
{ "type": "Feature", "properties": { "gid": 85, "id": 0, "names": "D5", "area_m2": 416.0011703194881, "building_function": "Laboratory" }, "geometry": { "type": "MultiPolygon", "coordinates": [ [ [ [ 380653.851671636512037, 557150.04814600024838 ], [ 380664.816044445964508, 557151.495894994586706 ], [ 380671.022541135898791, 557115.294885569717735 ], [ 380660.266334589105099, 557112.250061280443333 ], [ 380653.851671636512037, 557150.04814600024838 ] ] ] ] } },
{ "type": "Feature", "properties": { "gid": 86, "id": 0, "names": "C. Education Power House", "area_m2": 60.200281078225004, "building_function": "Laboratory" }, "geometry": { "type": "MultiPolygon", "coordinates": [ [ [ [ 380661.055693883798085, 557111.542009489377961 ], [ 380669.751219275349285, 557111.370601578382775 ], [ 380669.185797407932114, 557104.068463121773675 ], [ 380660.886311820067931, 557104.710383158759214 ], [ 380661.055693883798085, 557111.542009489377961 ] ] ] ] } },
{ "type": "Feature", "properties": { "gid": 87, "id": 0, "names": "Geography Lab", "area_m2": 216.26673576369376, "building_function": "Classrooms" }, "geometry": { "type": "MultiPolygon", "coordinates": [ [ [ [ 380709.73562970943749, 557135.425687052542344 ], [ 380720.005983119481243, 557131.48236072785221 ], [ 380714.903320633922704, 557113.233106598141603 ], [ 380703.907884049403947, 557116.915871777222492 ], [ 380709.73562970943749, 557135.425687052542344 ] ] ] ] } },
{ "type": "Feature", "properties": { "gid": 88, "id": 0, "names": "D6", "area_m2": 179.88982658014712, "building_function": "Library" }, "geometry": { "type": "MultiPolygon", "coordinates": [ [ [ [ 380667.035599001508672, 557152.383955796132796 ], [ 380688.78036103938939, 557155.56769711826928 ], [ 380690.111035143607296, 557147.555685734376311 ], [ 380668.524116780085023, 557144.21462739398703 ], [ 380667.035599001508672, 557152.383955796132796 ] ] ] ] } },
{ "type": "Feature", "properties": { "gid": 89, "id": 0, "names": "D7", "area_m2": 264.46236935942358, "building_function": "Classrooms" }, "geometry": { "type": "MultiPolygon", "coordinates": [ [ [ [ 380652.794756030663848, 557162.70062077359762 ], [ 380652.611928205005825, 557162.459299223264679 ], [ 380652.34863582404796, 557162.590613220469095 ], [ 380652.794756030663848, 557162.70062077359762 ] ] ], [ [ [ 380649.355454193195328, 557185.106796187581494 ], [ 380661.216787578479853, 557187.181282478268258 ], [ 380664.474993340263609, 557165.58081916871015 ], [ 380652.794756030663848, 557162.70062077359762 ], [ 380653.008055150450673, 557162.982162567903288 ], [ 380649.355454193195328, 557185.106796187581494 ] ] ] ] } },
{ "type": "Feature", "properties": { "gid": 90, "id": 0, "names": "Assu Rock", "area_m2": 963.6509099496086, "building_function": "Classrooms" }, "geometry": { "type": "MultiPolygon", "coordinates": [ [ [ [ 380661.996352851565462, 557153.936650371644646 ], [ 380660.670646036742255, 557164.642715157126077 ], [ 380685.20842661592178, 557168.03330335917417 ], [ 380684.691994479042478, 557174.447241485933773 ], [ 380696.816835649427958, 557176.52129914809484 ], [ 380697.992255741206463, 557170.237153285765089 ], [ 380715.915360569721088, 557172.956042114761658 ], [ 380714.744474295468535, 557181.988644372555427 ], [ 380711.185816012322903, 557181.209240975324064 ], [ 380710.669597937259823, 557187.754056197125465 ], [ 380725.693026500695851, 557189.823334535467438 ], [ 380728.567432580399327, 557175.160114306723699 ], [ 380723.425996616366319, 557173.336287359357812 ], [ 380725.650270049751271, 557163.909308559726924 ], [ 380661.996352851565462, 557153.936650371644646 ] ] ] ] } },
{ "type": "Feature", "properties": { "gid": 91, "id": 0, "names": "Home Economics Block 1", "area_m2": 304.61690596185366, "building_function": "Classrooms" }, "geometry": { "type": "MultiPolygon", "coordinates": [ [ [ [ 380731.478041108406615, 557166.467109052697197 ], [ 380741.602203397953417, 557169.748564661713317 ], [ 380744.434103063540533, 557161.262915071216412 ], [ 380748.54638823622372, 557162.1984623526223 ], [ 380751.065446898224764, 557155.75504558486864 ], [ 380746.793761033157352, 557154.03448510391172 ], [ 380749.468075342476368, 557145.863204475608654 ], [ 380739.027441312558949, 557142.425212916801684 ], [ 380731.478041108406615, 557166.467109052697197 ] ] ] ] } },
{ "type": "Feature", "properties": { "gid": 92, "id": 0, "names": "Pol Science Block", "area_m2": 280.95607571426569, "building_function": "Laboratory" }, "geometry": { "type": "MultiPolygon", "coordinates": [ [ [ [ 380735.408853074128274, 557121.291549483197741 ], [ 380743.323305897996761, 557126.853954818914644 ], [ 380741.904246035730466, 557129.21212403581012 ], [ 380739.689867853361648, 557128.666083540418185 ], [ 380737.087351655703969, 557132.439702079049312 ], [ 380745.080596753046848, 557137.844921275856905 ], [ 380747.841347665758803, 557134.149569958797656 ], [ 380746.257965210359544, 557132.738684846786782 ], [ 380748.072546900890302, 557130.536918648518622 ], [ 380756.935239503043704, 557135.86217740632128 ], [ 380761.588330465310719, 557129.179656472057104 ], [ 380739.903967966558412, 557114.687813824042678 ], [ 380735.408853074128274, 557121.291549483197741 ] ] ] ] } },
{ "type": "Feature", "properties": { "gid": 93, "id": 0, "names": "Sociology Department", "area_m2": 295.87223022429816, "building_function": "Laboratory" }, "geometry": { "type": "MultiPolygon", "coordinates": [ [ [ [ 380773.229309380287305, 557133.453300282824785 ], [ 380773.558815263211727, 557141.514923412585631 ], [ 380783.466386810003314, 557141.28917794348672 ], [ 380783.260587196098641, 557144.325917383190244 ], [ 380780.519581693923101, 557144.016327124671079 ], [ 380780.740575625852216, 557150.193465979536995 ], [ 380790.965391757141333, 557150.595418774173595 ], [ 380791.270206977496855, 557143.684488964732736 ], [ 380788.740180937398691, 557143.47925394505728 ], [ 380788.735692005080637, 557140.756971642025746 ], [ 380799.17062535934383, 557140.739765658276156 ], [ 380798.629279813088942, 557132.050271441694349 ], [ 380773.229309380287305, 557133.453300282824785 ] ] ] ] } },
{ "type": "Feature", "properties": { "gid": 94, "id": 0, "names": "D8", "area_m2": 49.082005403386404, "building_function": "Classrooms" }, "geometry": { "type": "MultiPolygon", "coordinates": [ [ [ [ 380761.16185822209809, 557150.199579897918738 ], [ 380766.458895267627668, 557150.504953691503033 ], [ 380767.233878960832953, 557141.0803648668807 ], [ 380762.016282337193843, 557141.010442609433085 ], [ 380761.16185822209809, 557150.199579897918738 ] ] ] ] } },
{ "type": "Feature", "properties": { "gid": 95, "id": 0, "names": "Public Toilet Facility", "area_m2": 145.16874991183786, "building_function": "Library" }, "geometry": { "type": "MultiPolygon", "coordinates": [ [ [ [ 380760.014855373068713, 557157.740119575639255 ], [ 380771.404633846133947, 557161.490657646325417 ], [ 380768.888768567238003, 557169.871080819284543 ], [ 380773.529105402994901, 557171.433978795190342 ], [ 380778.355383647663984, 557157.919277844717726 ], [ 380761.797386880265549, 557152.083193719037808 ], [ 380760.014855373068713, 557157.740119575639255 ] ] ] ] } },
{ "type": "Feature", "properties": { "gid": 96, "id": 0, "names": "Economics/GIS Block", "area_m2": 261.19652502308065, "building_function": "Medical Facilities" }, "geometry": { "type": "MultiPolygon", "coordinates": [ [ [ [ 380788.300899217370898, 557180.704662321484648 ], [ 380798.94387106387876, 557179.011857698787935 ], [ 380799.687564244144596, 557182.570546727394685 ], [ 380798.212435931549408, 557182.887089284718968 ], [ 380799.274756139842793, 557187.911100069992244 ], [ 380806.756145823223051, 557186.53762006922625 ], [ 380805.904632767720614, 557181.51326161599718 ], [ 380804.534389807842672, 557181.515520938904956 ], [ 380804.3184039874468, 557178.374775337171741 ], [ 380812.747561325319111, 557176.476216326584108 ], [ 380811.46891140070511, 557168.102052501984872 ], [ 380787.234434292127844, 557173.167776149115525 ], [ 380788.300899217370898, 557180.704662321484648 ] ] ] ] } },
{ "type": "Feature", "properties": { "gid": 97, "id": 0, "names": "Coke Stand", "area_m2": 144.41809489552219, "building_function": "Classrooms" }, "geometry": { "type": "MultiPolygon", "coordinates": [ [ [ [ 380784.231132563960273, 557216.201453977846541 ], [ 380794.338967506191693, 557209.588473533280194 ], [ 380787.471696559106931, 557199.862385969143361 ], [ 380777.154090069176164, 557207.103934225160629 ], [ 380784.231132563960273, 557216.201453977846541 ] ] ] ] } },
{ "type": "Feature", "properties": { "gid": 98, "id": 0, "names": "Central Power Station", "area_m2": 188.46835235072572, "building_function": "Laboratory" }, "geometry": { "type": "MultiPolygon", "coordinates": [ [ [ [ 380810.096359031100292, 557259.926963992184028 ], [ 380817.200715444167145, 557253.633052511955611 ], [ 380804.529022580129094, 557239.519002991728485 ], [ 380797.11156379012391, 557247.698092575999908 ], [ 380810.096359031100292, 557259.926963992184028 ] ] ] ] } },
{ "type": "Feature", "properties": { "gid": 99, "id": 0, "names": "D9", "area_m2": 171.60206021707441, "building_function": "Library" }, "geometry": { "type": "MultiPolygon", "coordinates": [ [ [ [ 380823.827454639482312, 557261.317816675058566 ], [ 380840.972516937297769, 557271.62899598875083 ], [ 380846.491295601648744, 557262.589242210029624 ], [ 380840.291091527731624, 557257.887816690374166 ], [ 380837.662269327440299, 557261.687644001911394 ], [ 380826.584146012144629, 557255.161954167531803 ], [ 380823.827454639482312, 557261.317816675058566 ] ] ] ] } },
{ "type": "Feature", "properties": { "gid": 100, "id": 0, "names": "Psychology Auditorium", "area_m2": 719.40688783489441, "building_function": "Laboratory" }, "geometry": { "type": "MultiPolygon", "coordinates": [ [ [ [ 380800.408156792866066, 557317.261419079266489 ], [ 380813.84990181599278, 557318.966853262856603 ], [ 380817.744245888781734, 557283.623096433468163 ], [ 380828.339334096293896, 557284.862064955756068 ], [ 380829.113025759696029, 557274.652223279350437 ], [ 380805.235841925721616, 557272.649882282945327 ], [ 380800.408156792866066, 557317.261419079266489 ] ] ] ] } },
{ "type": "Feature", "properties": { "gid": 101, "id": 0, "names": "D10", "area_m2": 63.549062108931679, "building_function": "Library" }, "geometry": { "type": "MultiPolygon", "coordinates": [ [ [ [ 380801.818163171643391, 557271.069264130550437 ], [ 380813.6384363064426, 557272.227683199802414 ], [ 380813.273247744364198, 557266.495781866717152 ], [ 380801.730563552642707, 557265.886596940923482 ], [ 380801.818163171643391, 557271.069264130550437 ] ] ] ] } },
{ "type": "Feature", "properties": { "gid": 102, "id": 0, "names": "D11", "area_m2": 282.62768615223104, "building_function": "Classrooms" }, "geometry": { "type": "MultiPolygon", "coordinates": [ [ [ [ 380836.178111494518816, 557289.291174981859513 ], [ 380843.354500926157925, 557294.723910712753423 ], [ 380846.087041959923226, 557289.903057727380656 ], [ 380849.357473436975852, 557291.67762086878065 ], [ 380848.413160556810908, 557294.296758034382947 ], [ 380852.317736588942353, 557297.117307796142995 ], [ 380854.841715587535873, 557293.657941015553661 ], [ 380856.002185571589507, 557294.284247269737534 ], [ 380858.209092478384264, 557290.301887134322897 ], [ 380856.942183749808464, 557289.047536955447868 ], [ 380859.25656518980395, 557286.321438111597672 ], [ 380854.613994434010237, 557283.397400821908377 ], [ 380853.352090978005435, 557285.17943589517381 ], [ 380851.874203191138804, 557283.820730246603489 ], [ 380855.027494885434862, 557278.475667319493368 ], [ 380848.906862853502389, 557274.088221049518324 ], [ 380845.959717108635232, 557276.605957343825139 ], [ 380844.377288913237862, 557275.770940168760717 ], [ 380836.178111494518816, 557289.291174981859513 ] ] ] ] } },
{ "type": "Feature", "properties": { "gid": 106, "id": 0, "names": "Mini Stadium", "area_m2": 701.41073631146628, "building_function": "Laboratory" }, "geometry": { "type": "MultiPolygon", "coordinates": [ [ [ [ 380638.178095421171747, 557322.652147259213962 ], [ 380647.40087096625939, 557322.636915705748834 ], [ 380652.282605272193905, 557246.980727480491623 ], [ 380643.058955743035767, 557246.472441046964377 ], [ 380638.178095421171747, 557322.652147259213962 ] ] ] ] } },
{ "type": "Feature", "properties": { "gid": 103, "id": 0, "names": "D13", "area_m2": 388.75302678566902, "building_function": "Laboratory" }, "geometry": { "type": "MultiPolygon", "coordinates": [ [ [ [ 380831.441232298268005, 557341.039811202441342 ], [ 380840.269601941108704, 557341.548769854824059 ], [ 380840.658605327131227, 557337.752639208571054 ], [ 380847.511099203955382, 557338.526614625821821 ], [ 380848.683073751337361, 557330.148429817985743 ], [ 380844.069962939945981, 557329.10900389845483 ], [ 380845.486025191145018, 557308.951307091629133 ], [ 380835.866265298740473, 557307.920135577907786 ], [ 380835.095163644175045, 557319.700515893171541 ], [ 380833.250609509355854, 557319.703557302593254 ], [ 380831.441232298268005, 557341.039811202441342 ] ] ] ] } },
{ "type": "Feature", "properties": { "gid": 104, "id": 0, "names": "Economics Lecture Halls", "area_m2": 1077.1802844337653, "building_function": "Classrooms" }, "geometry": { "type": "MultiPolygon", "coordinates": [ [ [ [ 380796.050943378708325, 557422.899659305228852 ], [ 380812.072192168736365, 557422.873230936238542 ], [ 380813.612393773801159, 557356.728702364023775 ], [ 380797.323625168413855, 557355.769788428209722 ], [ 380796.050943378708325, 557422.899659305228852 ] ] ] ] } },
{ "type": "Feature", "properties": { "gid": 105, "id": 0, "names": "D14", "area_m2": 81.449400518794434, "building_function": "Laboratory" }, "geometry": { "type": "MultiPolygon", "coordinates": [ [ [ [ 380815.753423534333706, 557359.513066715211608 ], [ 380818.451180667092558, 557359.129548777942546 ], [ 380818.213916684850119, 557357.066851910436526 ], [ 380819.701504898548592, 557356.758098318125121 ], [ 380816.894808782148175, 557344.466477155219764 ], [ 380811.100122564006597, 557345.981141643598676 ], [ 380813.453644789056852, 557357.456650964566506 ], [ 380815.091416773968376, 557357.550974786281586 ], [ 380815.753423534333706, 557359.513066715211608 ] ] ] ] } },
{ "type": "Feature", "properties": { "gid": 107, "id": 0, "names": "D15", "area_m2": 418.13009261681839, "building_function": "Library" }, "geometry": { "type": "MultiPolygon", "coordinates": [ [ [ [ 380846.658070684818085, 557353.784730097395368 ], [ 380839.002429871994536, 557361.335978141054511 ], [ 380839.953776309208479, 557362.98348360217642 ], [ 380834.745908629149199, 557368.80309402034618 ], [ 380844.723456109175459, 557379.073721483000554 ], [ 380848.590801545360591, 557375.298033318133093 ], [ 380855.00452139636036, 557381.648171321139671 ], [ 380864.317410126619507, 557372.366593714687042 ], [ 380846.658070684818085, 557353.784730097395368 ] ] ] ] } },
{ "type": "Feature", "properties": { "gid": 108, "id": 0, "names": "D16", "area_m2": 293.65733706808129, "building_function": "Laboratory" }, "geometry": { "type": "MultiPolygon", "coordinates": [ [ [ [ 380874.65860125987092, 557401.823461116291583 ], [ 380883.07634021557169, 557393.014527902123518 ], [ 380867.87190239073243, 557377.020021519740112 ], [ 380858.609212455397937, 557384.78332068072632 ], [ 380865.261683993623592, 557392.101568170939572 ], [ 380863.472940522478893, 557393.98917241836898 ], [ 380867.69630939385388, 557398.37973820453044 ], [ 380870.012585507181939, 557396.80537367251236 ], [ 380874.65860125987092, 557401.823461116291583 ] ] ] ] } },
{ "type": "Feature", "properties": { "gid": 109, "id": 0, "names": "Basic Medical Offices", "area_m2": 1083.8986468186288, "building_function": "Classrooms" }, "geometry": { "type": "MultiPolygon", "coordinates": [ [ [ [ 380913.601926219649613, 557410.557816805550829 ], [ 380922.463795930496417, 557415.411903213011101 ], [ 380937.438168453692924, 557387.745627473574132 ], [ 380961.492551529197954, 557401.369744818191975 ], [ 380947.783009604434483, 557429.033925089752302 ], [ 380955.854611209069844, 557434.046369921416044 ], [ 380975.23883880127687, 557396.007247031433508 ], [ 380934.097273370833136, 557375.186764601618052 ], [ 380913.601926219649613, 557410.557816805550829 ] ] ] ] } },
{ "type": "Feature", "properties": { "gid": 111, "id": 0, "names": "D17", "area_m2": 274.27214377805296, "building_function": "Classrooms" }, "geometry": { "type": "MultiPolygon", "coordinates": [ [ [ [ 380970.294215624802746, 557427.665147775085643 ], [ 380976.524886632629205, 557434.879389770911075 ], [ 380996.205910391756333, 557417.047466712887399 ], [ 380994.094748465053272, 557415.166289736749604 ], [ 380998.304139810614288, 557411.075940384762362 ], [ 380994.186873747152276, 557407.104006893117912 ], [ 380970.294215624802746, 557427.665147775085643 ] ] ] ] } },
{ "type": "Feature", "properties": { "gid": 112, "id": 0, "names": "D18", "area_m2": 119.96791232591127, "building_function": "Library" }, "geometry": { "type": "MultiPolygon", "coordinates": [ [ [ [ 381000.37909424531972, 557410.172077444614843 ], [ 381005.983005820540711, 557404.822995832422748 ], [ 380995.451606108224951, 557394.239158492535353 ], [ 380989.135319064138457, 557399.039724077098072 ], [ 381000.37909424531972, 557410.172077444614843 ] ] ] ] } },
{ "type": "Feature", "properties": { "gid": 113, "id": 0, "names": "D19", "area_m2": 33.58437840700568, "building_function": "Classrooms" }, "geometry": { "type": "MultiPolygon", "coordinates": [ [ [ [ 380988.102669592306484, 557398.689797165570781 ], [ 380990.928799184039235, 557394.693339920137078 ], [ 380985.060156402352732, 557391.300156817073002 ], [ 380982.168473413679749, 557395.493040655506775 ], [ 380988.102669592306484, 557398.689797165570781 ] ] ] ] } },
{ "type": "Feature", "properties": { "gid": 114, "id": 0, "names": "D20", "area_m2": 70.147550329038367, "building_function": "Library" }, "geometry": { "type": "MultiPolygon", "coordinates": [ [ [ [ 380990.74209125462221, 557427.324992606882006 ], [ 380995.731430795101915, 557432.813681403640658 ], [ 381003.073194366123062, 557426.676466322387569 ], [ 380997.451696453557815, 557421.345872167497873 ], [ 380990.74209125462221, 557427.324992606882006 ] ] ] ] } },
{ "type": "Feature", "properties": { "gid": 115, "id": 0, "names": "E1", "area_m2": 115.59355813531833, "building_function": "Library" }, "geometry": { "type": "MultiPolygon", "coordinates": [ [ [ [ 381022.418673482141457, 557381.092259755823761 ], [ 381027.821651771082543, 557381.737758250674233 ], [ 381028.218636596750002, 557382.784135002177209 ], [ 381032.961984392139129, 557382.907204677234404 ], [ 381033.48598260077415, 557381.074038975639269 ], [ 381042.444155341363512, 557380.404897900647484 ], [ 381042.830367690941785, 557374.907352848327719 ], [ 381022.674638989265077, 557376.511080377269536 ], [ 381022.418673482141457, 557381.092259755823761 ] ] ] ] } },
{ "type": "Feature", "properties": { "gid": 116, "id": 0, "names": "E2", "area_m2": 282.24563297462169, "building_function": "Laboratory" }, "geometry": { "type": "MultiPolygon", "coordinates": [ [ [ [ 381029.185822246538009, 557420.06335616717115 ], [ 381033.544465257728007, 557426.600115697947331 ], [ 381050.918919017480221, 557416.232093982864171 ], [ 381046.826154568698257, 557411.134561050799675 ], [ 381051.300391501805279, 557407.855227437103167 ], [ 381047.603103079076391, 557402.887921535409987 ], [ 381038.7850899596815, 557408.661102602723986 ], [ 381036.013092568085995, 557405.524576359894127 ], [ 381030.881596162565984, 557409.721144425217062 ], [ 381034.448209424677771, 557415.343057977268472 ], [ 381029.185822246538009, 557420.06335616717115 ] ] ] ] } },
{ "type": "Feature", "properties": { "gid": 117, "id": 0, "names": "E3", "area_m2": 84.762659234768847, "building_function": "Laboratory" }, "geometry": { "type": "MultiPolygon", "coordinates": [ [ [ [ 381105.217946401855443, 557365.101297266548499 ], [ 381105.647783412889112, 557364.665885526803322 ], [ 381104.224068488751072, 557364.197064238367602 ], [ 381105.217946401855443, 557365.101297266548499 ] ] ], [ [ [ 381096.01943562051747, 557374.419108776375651 ], [ 381100.295489792712033, 557378.809599827625789 ], [ 381110.082716891134623, 557369.52727995289024 ], [ 381105.217946401855443, 557365.101297266548499 ], [ 381096.01943562051747, 557374.419108776375651 ] ] ] ] } },
{ "type": "Feature", "properties": { "gid": 118, "id": 0, "names": "E4", "area_m2": 47.420317039636046, "building_function": "Classrooms" }, "geometry": { "type": "MultiPolygon", "coordinates": [ [ [ [ 381075.267575180798303, 557391.399876319454052 ], [ 381079.889721856103279, 557397.936207014834508 ], [ 381084.494637558062095, 557394.002266577677801 ], [ 381080.597782385128085, 557387.85737797326874 ], [ 381075.267575180798303, 557391.399876319454052 ] ] ] ] } },
{ "type": "Feature", "properties": { "gid": 119, "id": 0, "names": "E5", "area_m2": 217.20445156256608, "building_function": "Classrooms" }, "geometry": { "type": "MultiPolygon", "coordinates": [ [ [ [ 380895.320971087028738, 557295.323558721342124 ], [ 380894.461618800414726, 557301.528639114112593 ], [ 380902.289869429427199, 557302.772177037782967 ], [ 380904.714094284863677, 557286.748593334225006 ], [ 380901.708811366173904, 557285.96827139321249 ], [ 380901.67452381819021, 557279.552638473687693 ], [ 380893.92635833384702, 557278.937187019037083 ], [ 380891.734892161330208, 557292.290458042640239 ], [ 380895.320971087028738, 557295.323558721342124 ] ] ] ] } },
{ "type": "Feature", "properties": { "gid": 120, "id": 0, "names": "Fomer PG School", "area_m2": 396.3754984548624, "building_function": "Laboratory" }, "geometry": { "type": "MultiPolygon", "coordinates": [ [ [ [ 380867.266626417520456, 557245.417187942774035 ], [ 380888.120205792540219, 557267.501383269205689 ], [ 380899.963395478785969, 557258.582091543008573 ], [ 380893.627775279106572, 557251.655940754339099 ], [ 380890.33672980661504, 557253.362791906576604 ], [ 380876.21187750052195, 557236.895303506869823 ], [ 380867.266626417520456, 557245.417187942774035 ] ] ] ] } },
{ "type": "Feature", "properties": { "gid": 121, "id": 0, "names": "Exams and Records", "area_m2": 266.06250965520036, "building_function": "Admin Block" }, "geometry": { "type": "MultiPolygon", "coordinates": [ [ [ [ 380878.28609713469632, 557236.342192898620851 ], [ 380891.196353819337673, 557251.319661762332544 ], [ 380900.513277680205647, 557244.472421339945868 ], [ 380884.356826910865493, 557226.43772743223235 ], [ 380876.226852246501949, 557233.9897625525482 ], [ 380878.28609713469632, 557236.342192898620851 ] ] ] ] } },
{ "type": "Feature", "properties": { "gid": 122, "id": 0, "names": "Tetfund Centre of Excellence", "area_m2": 319.15761719202646, "building_function": "Laboratory" }, "geometry": { "type": "MultiPolygon", "coordinates": [ [ [ [ 380898.38746829261072, 557208.117704721400514 ], [ 380889.838678217492998, 557201.378425832604989 ], [ 380871.372761189064477, 557221.040728707448579 ], [ 380881.587413565255702, 557229.010269895312376 ], [ 380888.883648061775602, 557221.483036868157797 ], [ 380889.606354242074303, 557220.303933801013045 ], [ 380888.41841135994764, 557218.997099949978292 ], [ 380898.38746829261072, 557208.117704721400514 ] ] ] ] } },
{ "type": "Feature", "properties": { "gid": 123, "id": 0, "names": "Tetfund Toilet", "area_m2": 37.822230492040283, "building_function": "Classrooms" }, "geometry": { "type": "MultiPolygon", "coordinates": [ [ [ [ 380887.770747998030856, 557225.738442404312082 ], [ 380891.860729689360596, 557229.134560002828948 ], [ 380896.463601764990017, 557223.957250353181735 ], [ 380892.834220053569879, 557220.233175445231609 ], [ 380887.770747998030856, 557225.738442404312082 ] ] ] ] } },
{ "type": "Feature", "properties": { "gid": 124, "id": 0, "names": "Business Centre", "area_m2": 19.693865617837858, "building_function": "Laboratory" }, "geometry": { "type": "MultiPolygon", "coordinates": [ [ [ [ 380900.773678522615228, 557209.00113380420953 ], [ 380904.777966388210189, 557208.366316489526071 ], [ 380903.821229584515095, 557203.446836591465399 ], [ 380899.922689691535197, 557204.290886362199672 ], [ 380900.773678522615228, 557209.00113380420953 ] ] ] ] } },
{ "type": "Feature", "properties": { "gid": 125, "id": 0, "names": "Bursary", "area_m2": 268.17649805976782, "building_function": "Classrooms" }, "geometry": { "type": "MultiPolygon", "coordinates": [ [ [ [ 380907.621904454135802, 557207.178483516792767 ], [ 380940.18098301201826, 557200.737947308691218 ], [ 380938.058259932382498, 557191.841660839272663 ], [ 380906.345508138707373, 557200.165463596233167 ], [ 380907.621904454135802, 557207.178483516792767 ] ] ] ] } },
{ "type": "Feature", "properties": { "gid": 126, "id": 0, "names": "Campus spot", "area_m2": 152.52950635573458, "building_function": "Laboratory" }, "geometry": { "type": "MultiPolygon", "coordinates": [ [ [ [ 380945.687493836914655, 557205.571406341856346 ], [ 380949.585688779479824, 557204.51795311504975 ], [ 380950.960069179127458, 557207.028569038957357 ], [ 380955.279532080341596, 557205.765015725395642 ], [ 380948.820966168830637, 557188.18549425189849 ], [ 380940.394224358489737, 557191.549879283295013 ], [ 380945.687493836914655, 557205.571406341856346 ] ] ] ] } },
{ "type": "Feature", "properties": { "gid": 128, "id": 0, "names": "E7", "area_m2": 79.92533771941666, "building_function": "Laboratory" }, "geometry": { "type": "MultiPolygon", "coordinates": [ [ [ [ 380909.741322433401365, 557184.74230219819583 ], [ 380918.170349754742347, 557182.765228794887662 ], [ 380915.520176178892143, 557173.608050529728644 ], [ 380907.880594286543783, 557174.929427709896117 ], [ 380909.741322433401365, 557184.74230219819583 ] ] ] ] } },
{ "type": "Feature", "properties": { "gid": 142, "id": 0, "names": "Victory Chapel", "area_m2": 1066.4145147316149, "building_function": "Classrooms" }, "geometry": { "type": "MultiPolygon", "coordinates": [ [ [ [ 380727.220810947823338, 557571.140164384269156 ], [ 380731.957193367532454, 557567.048932892968878 ], [ 380735.122647073992994, 557569.085412520566024 ], [ 380739.543599540134892, 557565.465865178382955 ], [ 380737.166073785629123, 557561.857541456236504 ], [ 380743.322283593530301, 557555.87931476929225 ], [ 380753.615386822260916, 557565.756744011421688 ], [ 380764.348840935563203, 557555.059335295460187 ], [ 380754.211509335786104, 557543.768156988313422 ], [ 380738.061806787736714, 557529.81697854178492 ], [ 380712.335940297110938, 557557.186908825184219 ], [ 380727.220810947823338, 557571.140164384269156 ] ] ] ] } },
{ "type": "Feature", "properties": { "gid": 130, "id": 0, "names": "E9", "area_m2": 142.22189404534254, "building_function": "Laboratory" }, "geometry": { "type": "MultiPolygon", "coordinates": [ [ [ [ 380942.234579562908038, 557186.329132027341984 ], [ 380956.033956972067244, 557181.175942639820278 ], [ 380953.172723292838782, 557171.862056365585886 ], [ 380941.268016271293163, 557175.441575853037648 ], [ 380942.115898314281367, 557178.267169945756905 ], [ 380940.326456981012598, 557179.735963986837305 ], [ 380942.234579562908038, 557186.329132027341984 ] ] ] ] } },
{ "type": "Feature", "properties": { "gid": 131, "id": 0, "names": "Bursary Car Park", "area_m2": 66.38619279713015, "building_function": "Library" }, "geometry": { "type": "MultiPolygon", "coordinates": [ [ [ [ 380905.61267241963651, 557157.874802212114446 ], [ 380911.694539046380669, 557154.723681518342346 ], [ 380907.015695289650466, 557145.779248287784867 ], [ 380901.407884157611988, 557148.772533561568707 ], [ 380905.61267241963651, 557157.874802212114446 ] ] ] ] } },
{ "type": "Feature", "properties": { "gid": 132, "id": 0, "names": "Craft Shop", "area_m2": 38.201416378683689, "building_function": "Laboratory" }, "geometry": { "type": "MultiPolygon", "coordinates": [ [ [ [ 380861.880921854404733, 557159.064131250721402 ], [ 380867.88390731124673, 557156.017839889624156 ], [ 380866.083423696574755, 557150.785636453190818 ], [ 380859.76422782544978, 557153.832449205336161 ], [ 380861.880921854404733, 557159.064131250721402 ] ] ] ] } },
{ "type": "Feature", "properties": { "gid": 133, "id": 0, "names": "ICT Block One", "area_m2": 262.64807279108663, "building_function": "Classrooms" }, "geometry": { "type": "MultiPolygon", "coordinates": [ [ [ [ 380823.156097077066079, 557133.768788541667163 ], [ 380849.507973508210853, 557134.353574027889408 ], [ 380849.702387115859892, 557124.406425940105692 ], [ 380823.561141272308305, 557123.716588844079524 ], [ 380823.156097077066079, 557133.768788541667163 ] ] ] ] } },
{ "type": "Feature", "properties": { "gid": 134, "id": 0, "names": "E11", "area_m2": 444.82370386438396, "building_function": "Classrooms" }, "geometry": { "type": "MultiPolygon", "coordinates": [ [ [ [ 380857.620679075364023, 557116.315504622762091 ], [ 380863.183256782183889, 557133.844166153809056 ], [ 380890.44084900530288, 557124.375944053870626 ], [ 380884.351692435855512, 557107.109905662364326 ], [ 380875.529980948660523, 557110.658182388870046 ], [ 380878.176710214989726, 557117.721305191051215 ], [ 380868.958659336203709, 557120.615838977973908 ], [ 380865.38900253229076, 557113.161599428742193 ], [ 380857.620679075364023, 557116.315504622762091 ] ] ] ] } },
{ "type": "Feature", "properties": { "gid": 135, "id": 0, "names": "Senate Chamber", "area_m2": 370.78708668692519, "building_function": "Classrooms" }, "geometry": { "type": "MultiPolygon", "coordinates": [ [ [ [ 380918.704337786883116, 557085.676357282907702 ], [ 380894.761067418265156, 557107.572647512191907 ], [ 380902.021995028539095, 557116.32960088015534 ], [ 380909.388804827292915, 557109.380861951387487 ], [ 380911.234441821812652, 557110.03221846499946 ], [ 380915.17973893560702, 557105.575822966173291 ], [ 380914.650135173171293, 557104.006143327453174 ], [ 380926.225969991763122, 557092.73145467217546 ], [ 380918.704337786883116, 557085.676357282907702 ] ] ] ] } },
{ "type": "Feature", "properties": { "gid": 136, "id": 0, "names": "E12", "area_m2": 455.87680162379985, "building_function": "Classrooms" }, "geometry": { "type": "MultiPolygon", "coordinates": [ [ [ [ 380889.4080367271672, 557137.258349415962584 ], [ 380895.215570311178453, 557143.530986583675258 ], [ 380905.082040362758562, 557134.353183242375962 ], [ 380907.852327608969063, 557136.442688168841414 ], [ 380912.981470113154501, 557130.806430138647556 ], [ 380910.474691244773567, 557128.716490781866014 ], [ 380930.599886649986729, 557108.527930588345043 ], [ 380924.26619988924358, 557102.779671516502276 ], [ 380889.4080367271672, 557137.258349415962584 ] ] ] ] } },
{ "type": "Feature", "properties": { "gid": 2, "id": 0, "names": "A2", "area_m2": 252.55459258208251, "building_function": "Admin Block" }, "geometry": { "type": "MultiPolygon", "coordinates": [ [ [ [ 380817.652143535844516, 556784.801011614850722 ], [ 380842.539839587756433, 556776.278993596206419 ], [ 380839.680094558163546, 556767.881211032508872 ], [ 380829.172264918393921, 556771.667862555012107 ], [ 380828.378501722123474, 556769.705970729934052 ], [ 380820.793302060686983, 556772.074305586051196 ], [ 380820.322477474284824, 556774.195336559670977 ], [ 380814.63338407111587, 556775.853796622599475 ], [ 380817.652143535844516, 556784.801011614850722 ] ] ] ] } },
{ "type": "Feature", "properties": { "gid": 129, "id": 0, "names": "E8", "area_m2": 339.79053550535076, "building_function": "Classrooms" }, "geometry": { "type": "MultiPolygon", "coordinates": [ [ [ [ 380919.487243818934076, 557182.370421921252273 ], [ 380935.159081459161825, 557178.156473880051635 ], [ 380931.45035041536903, 557166.252574925776571 ], [ 380924.206676857196726, 557167.965935827232897 ], [ 380919.570059666817542, 557152.660703456727788 ], [ 380911.408417683560401, 557156.993162604980171 ], [ 380919.487243818934076, 557182.370421921252273 ] ] ] ] } },
{ "type": "Feature", "properties": { "gid": 137, "id": 0, "names": "E13", "area_m2": 74.592958254452668, "building_function": "Classrooms" }, "geometry": { "type": "MultiPolygon", "coordinates": [ [ [ [ 380928.442719088867307, 557118.718256115214899 ], [ 380934.3551357985707, 557124.676614582538605 ], [ 380941.088018145470414, 557116.812769085285254 ], [ 380935.284108705411199, 557112.738892773166299 ], [ 380928.442719088867307, 557118.718256115214899 ] ] ] ] } },
{ "type": "Feature", "properties": { "gid": 138, "id": 0, "names": "E14", "area_m2": 79.615033428476821, "building_function": "Admin Block" }, "geometry": { "type": "MultiPolygon", "coordinates": [ [ [ [ 380922.1094783579465, 557139.904955007252283 ], [ 380925.541553507908247, 557143.825679880334064 ], [ 380935.670457080821507, 557133.993052975507453 ], [ 380931.05194800143363, 557129.681643289863132 ], [ 380922.1094783579465, 557139.904955007252283 ] ] ] ] } },
{ "type": "Feature", "properties": { "gid": 139, "id": 0, "names": "E15", "area_m2": 178.33211243800557, "building_function": "Admin Block" }, "geometry": { "type": "MultiPolygon", "coordinates": [ [ [ [ 380937.851102254411671, 557140.725381094380282 ], [ 380943.452307118684985, 557149.720648887450807 ], [ 380953.984017046750523, 557144.468136030714959 ], [ 380952.923949453514069, 557140.805262701353058 ], [ 380956.398810763144866, 557138.705472769914195 ], [ 380952.592050001607276, 557131.277799158240668 ], [ 380937.851102254411671, 557140.725381094380282 ] ] ] ] } },
{ "type": "Feature", "properties": { "gid": 140, "id": 0, "names": "E16", "area_m2": 415.30849441654226, "building_function": "Classrooms" }, "geometry": { "type": "MultiPolygon", "coordinates": [ [ [ [ 380920.184181229153182, 557149.549564770888537 ], [ 380924.955613637110218, 557166.713060657144524 ], [ 380934.227998853020836, 557164.813127588946372 ], [ 380933.908943599206395, 557163.086047407472506 ], [ 380949.448255811235867, 557158.401155509403907 ], [ 380947.117658403120004, 557151.285163550404832 ], [ 380939.533103750436567, 557154.019942251266912 ], [ 380936.888709451537579, 557148.370314268628135 ], [ 380939.20516820641933, 557146.900651734089479 ], [ 380935.820191473816521, 557139.576988343964331 ], [ 380920.184181229153182, 557149.549564770888537 ] ] ] ] } },
{ "type": "Feature", "properties": { "gid": 141, "id": 0, "names": "Community Centre", "area_m2": 1082.2581508435837, "building_function": "Laboratory" }, "geometry": { "type": "MultiPolygon", "coordinates": [ [ [ [ 380805.445815026469063, 557432.534661995479837 ], [ 380796.619259794708341, 557449.092300061834976 ], [ 380807.907389411702752, 557455.146452276501805 ], [ 380811.69101298705209, 557448.543921788339503 ], [ 380817.494390511594247, 557452.303657072014175 ], [ 380815.289737672952469, 557457.647146383533254 ], [ 380820.565754457435105, 557461.198345170472749 ], [ 380818.782057076983619, 557466.143268072861247 ], [ 380816.360381389851682, 557467.717807344975881 ], [ 380817.419591541867703, 557470.857149356044829 ], [ 380819.736900493095163, 557469.911000157240778 ], [ 380820.372081077017356, 557471.58519995235838 ], [ 380821.216340326878708, 557472.21202516159974 ], [ 380820.903240421379451, 557474.097195021924563 ], [ 380824.488837800046895, 557475.243013277184218 ], [ 380825.854239503154531, 557472.309078102116473 ], [ 380831.75455540290568, 557470.938207643805072 ], [ 380834.38271979347337, 557466.745754183735698 ], [ 380833.636438036104664, 557461.616539202746935 ], [ 380829.418077559617814, 557460.262357856379822 ], [ 380830.14829947554972, 557455.654222090379335 ], [ 380834.153436847846024, 557455.542913465993479 ], [ 380837.302054934727494, 557447.370887170662172 ], [ 380841.201535293483175, 557448.170669358456507 ], [ 380845.62586729042232, 557446.592828179011121 ], [ 380848.147896862879861, 557441.955561455222778 ], [ 380845.845800895942375, 557436.148340770159848 ], [ 380847.737614789628424, 557432.847076165140606 ], [ 380844.256339869927615, 557431.046689830720425 ], [ 380843.547330529778264, 557432.53987704589963 ], [ 380840.619809333002195, 557430.974159478209913 ], [ 380836.195476346532814, 557432.552001103176735 ], [ 380832.56360809376929, 557435.306445018388331 ], [ 380826.474646353512071, 557434.13857836695388 ], [ 380823.477268320973963, 557438.148412509239279 ], [ 380805.445815026469063, 557432.534661995479837 ] ] ] ] } },
{ "type": "Feature", "properties": { "gid": 143, "id": 0, "names": "E17", "area_m2": 221.19221763311339, "building_function": "Laboratory" }, "geometry": { "type": "MultiPolygon", "coordinates": [ [ [ [ 380984.037929973681457, 557748.680559356813319 ], [ 380998.666828971880022, 557751.274014437454753 ], [ 381001.410782208200544, 557737.396408525994048 ], [ 381007.473794141144026, 557738.826078020967543 ], [ 381008.124580412753858, 557733.982513603172265 ], [ 381003.116239472699817, 557732.943740554619581 ], [ 381002.585129852232058, 557730.457930357079022 ], [ 381000.739940138300881, 557730.068336240598001 ], [ 381000.736058320850134, 557727.71253537456505 ], [ 380998.099487519706599, 557726.800732581876218 ], [ 380994.96329435199732, 557742.511281293118373 ], [ 380985.475997360656038, 557741.872525122598745 ], [ 380984.037929973681457, 557748.680559356813319 ] ] ] ] } },
{ "type": "Feature", "properties": { "gid": 144, "id": 0, "names": "E18", "area_m2": 209.06123198610754, "building_function": "Laboratory" }, "geometry": { "type": "MultiPolygon", "coordinates": [ [ [ [ 380968.396855998842511, 557771.47913458046969 ], [ 380978.285448758048005, 557775.781813099514693 ], [ 380987.085073464550078, 557758.884032658068463 ], [ 380976.932541930058505, 557754.320030277362093 ], [ 380968.396855998842511, 557771.47913458046969 ] ] ] ] } },
{ "type": "Feature", "properties": { "gid": 145, "id": 0, "names": "E19", "area_m2": 72.493466835068105, "building_function": "Classrooms" }, "geometry": { "type": "MultiPolygon", "coordinates": [ [ [ [ 380947.080409091955516, 557744.263262268388644 ], [ 380959.261121634219307, 557748.3265814720653 ], [ 380960.832061660184991, 557742.198893690248951 ], [ 380949.601782662502956, 557739.233383604325354 ], [ 380947.080409091955516, 557744.263262268388644 ] ] ] ] } },
{ "type": "Feature", "properties": { "gid": 146, "id": 0, "names": "E20", "area_m2": 474.36754702835685, "building_function": "Classrooms" }, "geometry": { "type": "MultiPolygon", "coordinates": [ [ [ [ 380951.626451277988963, 557720.619166065240279 ], [ 380956.693795217259321, 557725.479482491849922 ], [ 380953.223539511207491, 557730.353871951578185 ], [ 380957.977005385793746, 557736.628189464099705 ], [ 380961.768645823816769, 557734.894347450346686 ], [ 380968.252708354091737, 557735.983036616467871 ], [ 380967.914756831014529, 557722.791071725543588 ], [ 380963.01017695380142, 557720.757455597748049 ], [ 380967.26344562304439, 557711.32721352041699 ], [ 380954.921000014292076, 557705.065401812898926 ], [ 380952.08289918070659, 557709.781696593854576 ], [ 380942.754778870556038, 557709.797073544468731 ], [ 380940.711858034017496, 557717.339027557405643 ], [ 380945.619287016161252, 557721.100230256095529 ], [ 380951.626451277988963, 557720.619166065240279 ] ] ] ] } },
{ "type": "Feature", "properties": { "gid": 147, "id": 0, "names": "F1", "area_m2": 1403.4493710284858, "building_function": "Library" }, "geometry": { "type": "MultiPolygon", "coordinates": [ [ [ [ 380867.732337991474196, 557704.587498602690175 ], [ 380857.022217609570362, 557729.41968408995308 ], [ 380874.267959201475605, 557736.929820468416438 ], [ 380875.213472685834859, 557735.043614469119348 ], [ 380880.594438974396326, 557738.332869630306959 ], [ 380879.182904203655198, 557745.245567211997695 ], [ 380881.562490246375091, 557750.110310966381803 ], [ 380894.215964734787121, 557753.230516774230637 ], [ 380897.994134363543708, 557743.329894523136318 ], [ 380900.997845325968228, 557743.167886910028756 ], [ 380907.930838932865299, 557728.864553401828744 ], [ 380906.188331200624816, 557726.825726662762463 ], [ 380908.699343772721477, 557715.513706671539694 ], [ 380896.042497101123445, 557710.351800227654167 ], [ 380889.888883596519008, 557717.900536083849147 ], [ 380884.19300422508968, 557715.397067984100431 ], [ 380884.506103324703872, 557713.511904724757187 ], [ 380874.855297781410627, 557709.601474919822067 ], [ 380875.958656506147236, 557707.557954016490839 ], [ 380867.732337991474196, 557704.587498602690175 ] ] ] ] } },
{ "type": "Feature", "properties": { "gid": 148, "id": 0, "names": "F2", "area_m2": 845.22058272064828, "building_function": "Laboratory" }, "geometry": { "type": "MultiPolygon", "coordinates": [ [ [ [ 380886.864964690990746, 557788.086767820175737 ], [ 380901.628207022789866, 557792.250516587169841 ], [ 380908.181320765928831, 557771.299208899377845 ], [ 380906.73074254533276, 557770.516332318657078 ], [ 380913.803966917737853, 557745.376060099923052 ], [ 380902.208618255681358, 557744.740791053511202 ], [ 380898.009356496797409, 557754.956214909791015 ], [ 380883.116728229622822, 557752.232336543034762 ], [ 380879.313592285499908, 557762.97062037338037 ], [ 380892.760605132731143, 557767.92181010521017 ], [ 380886.864964690990746, 557788.086767820175737 ] ] ] ] } },
{ "type": "Feature", "properties": { "gid": 149, "id": 0, "names": "F3", "area_m2": 89.076360551917716, "building_function": "Laboratory" }, "geometry": { "type": "MultiPolygon", "coordinates": [ [ [ [ 380929.576605155132711, 557714.475883203092963 ], [ 380924.098437848617323, 557716.160156744765118 ], [ 380923.053389979177155, 557721.606414184090681 ], [ 380924.958748390024994, 557726.524293678347021 ], [ 380931.596169441414531, 557724.733406412648037 ], [ 380933.58880443032831, 557718.657371699693613 ], [ 380929.576605155132711, 557714.475883203092963 ] ] ] ] } },
{ "type": "Feature", "properties": { "gid": 150, "id": 0, "names": "F4", "area_m2": 329.70824655893449, "building_function": "Laboratory" }, "geometry": { "type": "MultiPolygon", "coordinates": [ [ [ [ 380872.312635204812977, 557805.286344411317259 ], [ 380900.363826389366295, 557813.825673554441892 ], [ 380903.085291496769059, 557802.303913897485472 ], [ 380899.500574799603783, 557801.681611569249071 ], [ 380896.76356714067515, 557803.780175448977388 ], [ 380881.788140012067743, 557798.77915895008482 ], [ 380883.882370402687229, 557790.399505244800821 ], [ 380877.133853719045874, 557788.735397762153298 ], [ 380872.312635204812977, 557805.286344411317259 ] ] ] ] } },
{ "type": "Feature", "properties": { "gid": 151, "id": 0, "names": "F5", "area_m2": 38.08729030834472, "building_function": "Library" }, "geometry": { "type": "MultiPolygon", "coordinates": [ [ [ [ 380878.11149654496694, 557787.158012375701219 ], [ 380881.354822401306592, 557788.487618978484534 ], [ 380884.895313984830864, 557778.273284563212655 ], [ 380881.415220990544185, 557777.179648750461638 ], [ 380878.11149654496694, 557787.158012375701219 ] ] ] ] } },
{ "type": "Feature", "properties": { "gid": 11, "id": 0, "names": "A11", "area_m2": 1235.7377005516496, "building_function": "Laboratory" }, "geometry": { "type": "MultiPolygon", "coordinates": [ [ [ [ 380720.150423369253986, 556822.756566685740836 ], [ 380796.461138070153538, 556797.632712546619587 ], [ 380791.561298984684981, 556782.524153759004548 ], [ 380790.705431561800651, 556782.852763988426886 ], [ 380715.910529031301849, 556808.366766571300104 ], [ 380720.150423369253986, 556822.756566685740836 ] ] ] ] } },
{ "type": "Feature", "properties": { "gid": 12, "id": 0, "names": "A12", "area_m2": 999.40031842695419, "building_function": "Laboratory" }, "geometry": { "type": "MultiPolygon", "coordinates": [ [ [ [ 380741.343105785083026, 556843.984151516342536 ], [ 380775.196291886211839, 556832.541796916630119 ], [ 380804.155187393364031, 556822.67808182653971 ], [ 380803.891677826875821, 556822.678516036947258 ], [ 380799.652879525790922, 556808.943112330511212 ], [ 380736.443579127022531, 556829.071923517272808 ], [ 380741.343105785083026, 556843.984151516342536 ] ] ] ] } },
{ "type": "Feature", "properties": { "gid": 13, "id": 0, "names": "A13", "area_m2": 581.80040653200172, "building_function": "Classrooms" }, "geometry": { "type": "MultiPolygon", "coordinates": [ [ [ [ 380721.062442480295431, 556863.937505341484211 ], [ 380735.917644030996598, 556859.829558831173927 ], [ 380734.640368333202787, 556852.292985837906599 ], [ 380732.111712833808269, 556852.925378532498144 ], [ 380724.315586587996222, 556823.254676944343373 ], [ 380708.985282889509108, 556826.892242227331735 ], [ 380721.062442480295431, 556863.937505341484211 ] ] ] ] } },
{ "type": "Feature", "properties": { "gid": 152, "id": 0, "names": "F6", "area_m2": 123.7508855096245, "building_function": "Classrooms" }, "geometry": { "type": "MultiPolygon", "coordinates": [ [ [ [ 380834.778451508434955, 557754.276566964574158 ], [ 380840.185726465948392, 557757.539599300944246 ], [ 380841.829508434631862, 557755.639153132331558 ], [ 380848.42417999758618, 557759.881813064101152 ], [ 380852.694709796982352, 557752.938222851837054 ], [ 380842.47240131784929, 557746.018544300459325 ], [ 380838.529094907164108, 557751.652813914814033 ], [ 380837.078299320826773, 557750.739060425781645 ], [ 380834.778451508434955, 557754.276566964574158 ] ] ] ] } },
{ "type": "Feature", "properties": { "gid": 153, "id": 0, "names": "F7", "area_m2": 799.95610908038395, "building_function": "Classrooms" }, "geometry": { "type": "MultiPolygon", "coordinates": [ [ [ [ 380811.199435603979509, 557798.457414683536626 ], [ 380830.317012098559644, 557806.540304969530553 ], [ 380841.463102875626646, 557774.456767960800789 ], [ 380818.255991723388433, 557763.239542362629436 ], [ 380811.166816109267529, 557778.69486799184233 ], [ 380818.28904039261397, 557783.263848415343091 ], [ 380811.199435603979509, 557798.457414683536626 ] ] ] ] } },
{ "type": "Feature", "properties": { "gid": 154, "id": 0, "names": "F8", "area_m2": 1331.4368518633717, "building_function": "Classrooms" }, "geometry": { "type": "MultiPolygon", "coordinates": [ [ [ [ 380911.063823519391008, 557778.863792093470693 ], [ 380947.548242400400341, 557788.017451273743063 ], [ 380957.190028326644097, 557754.496756201377138 ], [ 380919.440421048435383, 557745.13576568395365 ], [ 380911.063823519391008, 557778.863792093470693 ] ] ] ] } },
{ "type": "Feature", "properties": { "gid": 155, "id": 0, "names": "F9", "area_m2": 1474.7640366744149, "building_function": "Laboratory" }, "geometry": { "type": "MultiPolygon", "coordinates": [ [ [ [ 380774.655498911510222, 557712.237365589942783 ], [ 380817.065158162033185, 557735.097237735171802 ], [ 380812.492072973167524, 557742.329263704014011 ], [ 380768.503192517964635, 557720.571381934685633 ], [ 380764.408570467086975, 557730.315486183972098 ], [ 380818.52671148913214, 557758.49585160810966 ], [ 380833.344659849652089, 557731.929295263835229 ], [ 380779.69745045772288, 557701.706426343997009 ], [ 380774.655498911510222, 557712.237365589942783 ] ] ] ] } },
{ "type": "Feature", "properties": { "gid": 156, "id": 0, "names": "F10", "area_m2": 41.749522142056634, "building_function": "Classrooms" }, "geometry": { "type": "MultiPolygon", "coordinates": [ [ [ [ 380855.485685122723226, 557850.288607942056842 ], [ 380855.836594233231153, 557850.02627284952905 ], [ 380855.441767494718079, 557850.288680412457325 ], [ 380855.485685122723226, 557850.288607942056842 ] ] ], [ [ [ 380850.046594217827078, 557854.354802025482059 ], [ 380853.875418850802816, 557859.190970082534477 ], [ 380859.007733982638456, 557855.517916767275892 ], [ 380855.83702616521623, 557850.288028180482797 ], [ 380855.485685122723226, 557850.288607942056842 ], [ 380850.046594217827078, 557854.354802025482059 ] ] ] ] } },
{ "type": "Feature", "properties": { "gid": 157, "id": 0, "names": "F11", "area_m2": 80.320492523977109, "building_function": "Classrooms" }, "geometry": { "type": "MultiPolygon", "coordinates": [ [ [ [ 380856.887593874474987, 557848.19224623136688 ], [ 380863.485172344371676, 557854.201748534687795 ], [ 380869.931562041048892, 557848.432479390525259 ], [ 380864.123637434095144, 557841.898160967393778 ], [ 380856.887593874474987, 557848.19224623136688 ] ] ] ] } },
{ "type": "Feature", "properties": { "gid": 158, "id": 0, "names": "W6 B", "area_m2": 2115.2955022504511, "building_function": "Classrooms" }, "geometry": { "type": "MultiPolygon", "coordinates": [ [ [ [ 380722.545870426460169, 557801.974131567170843 ], [ 380722.995087831746787, 557803.066767479409464 ], [ 380759.925541723729111, 557825.328673853073269 ], [ 380754.804683186055627, 557835.938256357680075 ], [ 380769.17958675744012, 557844.290714452858083 ], [ 380775.223581427184399, 557834.203122540726326 ], [ 380823.754893183766399, 557862.13090381748043 ], [ 380831.648706175212283, 557848.582905824412592 ], [ 380730.428894548735116, 557788.546098197926767 ], [ 380722.545870426460169, 557801.974131567170843 ] ] ] ] } },
{ "type": "Feature", "properties": { "gid": 159, "id": 0, "names": "W6 A", "area_m2": 1958.7149484336794, "building_function": "Library" }, "geometry": { "type": "MultiPolygon", "coordinates": [ [ [ [ 380709.378420365275815, 557828.34874241927173 ], [ 380754.218743435514625, 557855.104681385681033 ], [ 380750.935187942173798, 557861.326811743550934 ], [ 380761.157926321087871, 557868.508220144896768 ], [ 380765.759011178917717, 557862.283915189560503 ], [ 380809.937822484003846, 557887.404985106666572 ], [ 380818.149150005308911, 557873.322046515531838 ], [ 380717.554611569270492, 557815.598612011177465 ], [ 380709.378420365275815, 557828.34874241927173 ] ] ] ] } },
{ "type": "Feature", "properties": { "gid": 160, "id": 0, "names": "F12", "area_m2": 88.242676885364261, "building_function": "Classrooms" }, "geometry": { "type": "MultiPolygon", "coordinates": [ [ [ [ 380855.944639189809095, 557927.274297706666403 ], [ 380864.180870299460366, 557936.265103028039448 ], [ 380869.021422898746096, 557931.440809437772259 ], [ 380861.205764189944603, 557921.82109504553955 ], [ 380855.944639189809095, 557927.274297706666403 ] ] ] ] } },
{ "type": "Feature", "properties": { "gid": 161, "id": 0, "names": "F13", "area_m2": 31.954052423515609, "building_function": "Classrooms" }, "geometry": { "type": "MultiPolygon", "coordinates": [ [ [ [ 380864.193546150170732, 557829.50280417711474 ], [ 380868.469466800394002, 557833.814724853611551 ], [ 380872.178939363453537, 557830.196370522258803 ], [ 380867.507500901352614, 557825.72804830619134 ], [ 380864.193546150170732, 557829.50280417711474 ] ] ] ] } },
{ "type": "Feature", "properties": { "gid": 162, "id": 0, "names": "Hostel Shopping Area", "area_m2": 270.54393714734539, "building_function": "Classrooms" }, "geometry": { "type": "MultiPolygon", "coordinates": [ [ [ [ 380630.664370256417897, 557780.142567693721503 ], [ 380659.476883577066474, 557802.86775247589685 ], [ 380664.210130478837527, 557796.891884611337446 ], [ 380635.556759226310533, 557774.794648408191279 ], [ 380630.664370256417897, 557780.142567693721503 ] ] ] ] } },
{ "type": "Feature", "properties": { "gid": 163, "id": 0, "names": "Hostel 112", "area_m2": 1147.3082632517214, "building_function": "Laboratory" }, "geometry": { "type": "MultiPolygon", "coordinates": [ [ [ [ 380708.910559128446039, 557782.541396188666113 ], [ 380717.020447274204344, 557746.929121127934195 ], [ 380673.006466544000432, 557737.912337730405852 ], [ 380665.288179601251613, 557771.299049449386075 ], [ 380708.910559128446039, 557782.541396188666113 ] ], [ [ 380676.476813242188655, 557764.998405205202289 ], [ 380680.139734417258296, 557749.156083721900359 ], [ 380706.097440531302709, 557754.516289966530167 ], [ 380702.831071040593088, 557771.143222029902972 ], [ 380676.476813242188655, 557764.998405205202289 ] ] ] ] } },
{ "type": "Feature", "properties": { "gid": 164, "id": 0, "names": "Hostel 111", "area_m2": 1452.3048469710011, "building_function": "Laboratory" }, "geometry": { "type": "MultiPolygon", "coordinates": [ [ [ [ 380697.681024930207059, 557727.531095495563932 ], [ 380703.150666699861176, 557688.782072803936899 ], [ 380657.024052087566815, 557681.005574394832365 ], [ 380655.576994525792543, 557680.7619141144678 ], [ 380652.706451249425299, 557697.728496668860316 ], [ 380650.589370602217969, 557697.583666338818148 ], [ 380649.018929479003418, 557703.999301678035408 ], [ 380651.262195020914078, 557706.0896483437391 ], [ 380648.771884482412133, 557719.940147611079738 ], [ 380649.710753053601366, 557720.281170073198155 ], [ 380697.681024930207059, 557727.531095495563932 ] ], [ [ 380661.289463996421546, 557710.838795606279746 ], [ 380664.176502817193978, 557692.423105684807524 ], [ 380691.571082760696299, 557697.700929455691949 ], [ 380689.490273703588173, 557714.19503832468763 ], [ 380661.289463996421546, 557710.838795606279746 ] ] ] ] } },
{ "type": "Feature", "properties": { "gid": 165, "id": 0, "names": "Hostel 113", "area_m2": 1095.9024131647332, "building_function": "Classrooms" }, "geometry": { "type": "MultiPolygon", "coordinates": [ [ [ [ 380634.230711028154474, 557714.643429961870424 ], [ 380636.34892361034872, 557700.858437451301143 ], [ 380638.852235324215144, 557700.85430019441992 ], [ 380639.502782190742437, 557695.87984668451827 ], [ 380636.734882264572661, 557695.23002925014589 ], [ 380638.127069329610094, 557680.608611428877339 ], [ 380594.169268784113228, 557673.731626681168564 ], [ 380589.291389505553525, 557707.781165851396509 ], [ 380634.230711028154474, 557714.643429961870424 ] ], [ [ 380625.97763915307587, 557705.23445422318764 ], [ 380599.029878705565352, 557700.959388950723223 ], [ 380601.637249142804649, 557684.20264277246315 ], [ 380628.78491581173148, 557688.084120512590744 ], [ 380625.97763915307587, 557705.23445422318764 ] ] ] ] } },
{ "type": "Feature", "properties": { "gid": 166, "id": 0, "names": "Hostel 114", "area_m2": 1395.0480146236671, "building_function": "Classrooms" }, "geometry": { "type": "MultiPolygon", "coordinates": [ [ [ [ 380647.531975797202904, 557765.687541933497414 ], [ 380649.624451825220603, 557756.260848721372895 ], [ 380652.128843023208901, 557756.911101070581935 ], [ 380652.64460814173799, 557750.104578428086825 ], [ 380655.279671191121452, 557750.100223634392023 ], [ 380655.664116202911828, 557743.555674043018371 ], [ 380653.818490452133119, 557742.904332671896555 ], [ 380654.467955873580649, 557737.275492571294308 ], [ 380652.358823609072715, 557736.624586612102576 ], [ 380653.266172008996364, 557727.592483581975102 ], [ 380616.759934235247783, 557721.239783487631939 ], [ 380609.581036110932473, 557723.048174451454543 ], [ 380608.141703581495676, 557729.070957589312457 ], [ 380605.902115406701341, 557729.20553846063558 ], [ 380602.245915711042471, 557749.10508768807631 ], [ 380604.42338358372217, 557750.446044020005502 ], [ 380603.378879211260937, 557756.206415853812359 ], [ 380610.760518126538955, 557758.288264321163297 ], [ 380610.764412879711017, 557760.644066925160587 ], [ 380647.531975797202904, 557765.687541933497414 ] ], [ [ 380614.46855301951291, 557749.818671459914185 ], [ 380616.579534014803357, 557732.459845176665112 ], [ 380624.456265104061458, 557734.358520597219467 ], [ 380643.433915658737533, 557737.46823254879564 ], [ 380641.352255131118, 557753.438824763521552 ], [ 380614.46855301951291, 557749.818671459914185 ] ] ] ] } },
{ "type": "Feature", "properties": { "gid": 167, "id": 0, "names": "Restaurant 111", "area_m2": 103.40831696096856, "building_function": "Classrooms" }, "geometry": { "type": "MultiPolygon", "coordinates": [ [ [ [ 380569.131976497010328, 557642.943289471440949 ], [ 380580.519363346276805, 557645.28027442493476 ], [ 380582.56121380411787, 557637.110080030863173 ], [ 380570.698474918841384, 557634.145663321367465 ], [ 380569.131976497010328, 557642.943289471440949 ] ] ] ] } },
{ "type": "Feature", "properties": { "gid": 168, "id": 0, "names": "Restaurant 112", "area_m2": 82.761443729248782, "building_function": "Laboratory" }, "geometry": { "type": "MultiPolygon", "coordinates": [ [ [ [ 380571.326476706948597, 557631.474703108659014 ], [ 380579.551264389941934, 557633.502809408819303 ], [ 380581.749921203474514, 557624.547083295765333 ], [ 380572.418144298251718, 557622.363752312841825 ], [ 380571.326476706948597, 557631.474703108659014 ] ] ] ] } },
{ "type": "Feature", "properties": { "gid": 169, "id": 0, "names": "Restaurant 113", "area_m2": 165.739943145891, "building_function": "Classrooms" }, "geometry": { "type": "MultiPolygon", "coordinates": [ [ [ [ 380582.973951302061323, 557623.772876334842294 ], [ 380592.132868592976592, 557625.001081051072106 ], [ 380595.466294137644581, 557609.093827922828496 ], [ 380583.998877122765407, 557606.168017101474106 ], [ 380583.545961989206262, 557611.142151133390144 ], [ 380585.588897470501252, 557611.596848726505414 ], [ 380582.973951302061323, 557623.772876334842294 ] ] ] ] } },
{ "type": "Feature", "properties": { "gid": 170, "id": 0, "names": "Restaurant 114", "area_m2": 139.11350106007995, "building_function": "Laboratory" }, "geometry": { "type": "MultiPolygon", "coordinates": [ [ [ [ 380594.109926891513169, 557625.45588760485407 ], [ 380602.281017505854834, 557626.882044256548397 ], [ 380606.076771796913818, 557611.693860292551108 ], [ 380596.85100323043298, 557609.87681029853411 ], [ 380594.109926891513169, 557625.45588760485407 ] ] ] ] } },
{ "type": "Feature", "properties": { "gid": 171, "id": 0, "names": "Restaurant 115", "area_m2": 71.049502630370796, "building_function": "Classrooms" }, "geometry": { "type": "MultiPolygon", "coordinates": [ [ [ [ 380601.693903486535419, 557638.347972232382745 ], [ 380609.70641239034012, 557639.486458567087539 ], [ 380611.062110313214362, 557630.689182381611317 ], [ 380603.04994665220147, 557629.760100608807988 ], [ 380601.693903486535419, 557638.347972232382745 ] ] ] ] } },
{ "type": "Feature", "properties": { "gid": 172, "id": 0, "names": "Restaurant 116", "area_m2": 82.416517240635756, "building_function": "Laboratory" }, "geometry": { "type": "MultiPolygon", "coordinates": [ [ [ [ 380598.865857946977485, 557649.137034804443829 ], [ 380607.932219548500143, 557650.169075640849769 ], [ 380609.604124862351455, 557641.371277946396731 ], [ 380601.169139980105683, 557639.709976064856164 ], [ 380598.865857946977485, 557649.137034804443829 ] ] ] ] } },
{ "type": "Feature", "properties": { "gid": 173, "id": 0, "names": "Restaurant 117", "area_m2": 153.67577540713648, "building_function": "Laboratory" }, "geometry": { "type": "MultiPolygon", "coordinates": [ [ [ [ 380610.800398051738739, 557628.586833539302461 ], [ 380620.025947287504096, 557630.27300611382816 ], [ 380621.591630324488506, 557620.978043897775933 ], [ 380615.922556758858263, 557618.762478424818255 ], [ 380617.229275440564379, 557612.216391991241835 ], [ 380610.375501803820953, 557610.657177231390961 ], [ 380608.941140399430878, 557619.69016714557074 ], [ 380611.578804383170791, 557621.256349814124405 ], [ 380610.800398051738739, 557628.586833539302461 ] ] ] ] } },
{ "type": "Feature", "properties": { "gid": 174, "id": 0, "names": "Restaurant 118", "area_m2": 52.189063934974243, "building_function": "Classrooms" }, "geometry": { "type": "MultiPolygon", "coordinates": [ [ [ [ 380622.292202642885968, 557623.950446054106578 ], [ 380627.669125381857157, 557624.779182326979935 ], [ 380629.974488767096773, 557616.608552788733505 ], [ 380623.963418782805093, 557614.73383588984143 ], [ 380622.292202642885968, 557623.950446054106578 ] ] ] ] } },
{ "type": "Feature", "properties": { "gid": 175, "id": 0, "names": "F14", "area_m2": 332.34905995718196, "building_function": "Classrooms" }, "geometry": { "type": "MultiPolygon", "coordinates": [ [ [ [ 380581.772734826197848, 557654.682584942667745 ], [ 380573.39114391541807, 557653.440009673358873 ], [ 380567.057633570511825, 557647.796531326603144 ], [ 380564.373760247952305, 557650.156782163190655 ], [ 380569.444256311457139, 557656.901727747754194 ], [ 380569.131424270919524, 557658.943949272041209 ], [ 380569.139215125585906, 557663.655561371007934 ], [ 380570.252175881236326, 557667.42302080092486 ], [ 380569.478276642039418, 557677.475765566923656 ], [ 380566.950430883211084, 557678.579324537888169 ], [ 380566.640455949760508, 557682.349136151839048 ], [ 380572.177211310947314, 557684.224629980628379 ], [ 380575.172097435570322, 557678.722783593926579 ], [ 380579.751399756874889, 557675.260021002730355 ], [ 380581.772734826197848, 557654.682584942667745 ] ] ] ] } },
{ "type": "Feature", "properties": { "gid": 176, "id": 0, "names": "Hostel Shopping Complex", "area_m2": 675.19333151455351, "building_function": "Laboratory" }, "geometry": { "type": "MultiPolygon", "coordinates": [ [ [ [ 380638.921837968984619, 557659.234305205754936 ], [ 380662.64219279284589, 557662.074435128015466 ], [ 380666.948319447343238, 557636.807778728543781 ], [ 380640.983608049282338, 557631.222904960508458 ], [ 380638.921837968984619, 557659.234305205754936 ] ] ] ] } },
{ "type": "Feature", "properties": { "gid": 177, "id": 0, "names": "Keystone Bank", "area_m2": 240.20779800476225, "building_function": "Classrooms" }, "geometry": { "type": "MultiPolygon", "coordinates": [ [ [ [ 380665.221995943807997, 557655.203417264274321 ], [ 380680.719948169833515, 557657.455098078702576 ], [ 380683.067768792447168, 557643.080766102881171 ], [ 380667.646530528843869, 557639.415469467989169 ], [ 380665.221995943807997, 557655.203417264274321 ] ] ] ] } },
{ "type": "Feature", "properties": { "gid": 178, "id": 0, "names": "Microfinance Bank", "area_m2": 303.46646708737006, "building_function": "Library" }, "geometry": { "type": "MultiPolygon", "coordinates": [ [ [ [ 380688.587006904999726, 557659.876441022031941 ], [ 380707.143751143768895, 557663.405682731186971 ], [ 380709.435978610767052, 557647.277674589538947 ], [ 380690.458657667099033, 557644.377341949846596 ], [ 380688.587006904999726, 557659.876441022031941 ] ] ] ] } },
{ "type": "Feature", "properties": { "gid": 179, "id": 0, "names": "Access Bank", "area_m2": 375.61938634422631, "building_function": "Classrooms" }, "geometry": { "type": "MultiPolygon", "coordinates": [ [ [ [ 380721.26355367799988, 557660.869497801642865 ], [ 380728.222547851852141, 557662.323843990801834 ], [ 380727.384513878030702, 557665.46630958863534 ], [ 380735.607647237251513, 557666.499757854500785 ], [ 380736.445335746393539, 557663.147887583007105 ], [ 380742.350648665684275, 557664.813380281324498 ], [ 380744.642537896404974, 557648.475970350438729 ], [ 380723.977049215114675, 557644.531389096635394 ], [ 380721.26355367799988, 557660.869497801642865 ] ] ] ] } },
{ "type": "Feature", "properties": { "gid": 180, "id": 0, "names": "Town Campus Main Gate House", "area_m2": 25.517577072257073, "building_function": "Classrooms" }, "geometry": { "type": "MultiPolygon", "coordinates": [ [ [ [ 380623.014937660424039, 557593.628946413984522 ], [ 380629.263338546792511, 557595.607974830432795 ], [ 380630.44328010204481, 557592.072303624474443 ], [ 380624.168052469904069, 557589.805386413005181 ], [ 380623.014937660424039, 557593.628946413984522 ] ] ] ] } },
{ "type": "Feature", "properties": { "gid": 181, "id": 0, "names": "Paul Harris Park", "area_m2": 155.27099566472401, "building_function": "Library" }, "geometry": { "type": "MultiPolygon", "coordinates": [ [ [ [ 380535.313346073729917, 557603.66203107428737 ], [ 380545.065916037303396, 557605.34732411801815 ], [ 380545.583190407429356, 557599.456932320492342 ], [ 380542.28718928527087, 557598.153597007854842 ], [ 380545.293928438099101, 557583.882856622338295 ], [ 380538.966946797969285, 557582.191897366312332 ], [ 380535.313346073729917, 557603.66203107428737 ] ] ] ] } },
{ "type": "Feature", "properties": { "gid": 182, "id": 0, "names": "F15", "area_m2": 82.798781299306938, "building_function": "Classrooms" }, "geometry": { "type": "MultiPolygon", "coordinates": [ [ [ [ 380534.057934903365094, 557604.05019917152822 ], [ 380536.252692020789254, 557592.738658595713787 ], [ 380528.978341057547368, 557591.808363248594105 ], [ 380526.54448052146472, 557601.942392543307506 ], [ 380534.057934903365094, 557604.05019917152822 ] ] ] ] } },
{ "type": "Feature", "properties": { "gid": 183, "id": 0, "names": "Annex Restaurant 211", "area_m2": 59.342058470667276, "building_function": "Admin Block" }, "geometry": { "type": "MultiPolygon", "coordinates": [ [ [ [ 380523.735813367296942, 557611.697492738021538 ], [ 380533.486326538142748, 557612.139440816710703 ], [ 380533.409843409783207, 557605.726516931084916 ], [ 380525.568888769717887, 557604.757895870134234 ], [ 380523.735813367296942, 557611.697492738021538 ] ] ] ] } },
{ "type": "Feature", "properties": { "gid": 184, "id": 0, "names": "F16", "area_m2": 211.186727774704, "building_function": "Laboratory" }, "geometry": { "type": "MultiPolygon", "coordinates": [ [ [ [ 380480.967148659809027, 557690.091844621347263 ], [ 380495.198846737155691, 557691.481781950802542 ], [ 380498.021071157359984, 557677.185184524627402 ], [ 380482.367473828140646, 557676.425815390888602 ], [ 380480.967148659809027, 557690.091844621347263 ] ] ] ] } },
{ "type": "Feature", "properties": { "gid": 185, "id": 0, "names": "F17", "area_m2": 147.65689748663394, "building_function": "Laboratory" }, "geometry": { "type": "MultiPolygon", "coordinates": [ [ [ [ 380504.513469658209942, 557683.299554734141566 ], [ 380517.638959307456389, 557685.005435309256427 ], [ 380520.303084489598405, 557670.709100050153211 ], [ 380512.397363795666024, 557670.408070152858272 ], [ 380511.459392537828535, 557676.848842745064758 ], [ 380505.293855781899765, 557677.173151522991247 ], [ 380504.513469658209942, 557683.299554734141566 ] ] ] ] } },
{ "type": "Feature", "properties": { "gid": 186, "id": 0, "names": "F18", "area_m2": 105.38233760820918, "building_function": "Classrooms" }, "geometry": { "type": "MultiPolygon", "coordinates": [ [ [ [ 380483.753097715438344, 557672.984035998117179 ], [ 380500.988775315985549, 557674.369004702661186 ], [ 380501.452693495608401, 557668.086070060380735 ], [ 380484.533742308500223, 557667.014685109257698 ], [ 380483.753097715438344, 557672.984035998117179 ] ] ] ] } },
{ "type": "Feature", "properties": { "gid": 187, "id": 0, "names": "F19", "area_m2": 43.494450701309013, "building_function": "Laboratory" }, "geometry": { "type": "MultiPolygon", "coordinates": [ [ [ [ 380537.993136159610003, 557641.31986607471481 ], [ 380543.29118108516559, 557642.253429073491134 ], [ 380543.989532574196346, 557634.321035630186088 ], [ 380538.140070912253577, 557634.566291128634475 ], [ 380537.2812781825196, 557641.085462092771195 ], [ 380537.993136159610003, 557641.31986607471481 ] ] ] ] } },
{ "type": "Feature", "properties": { "gid": 188, "id": 0, "names": "F20", "area_m2": 52.28836659287991, "building_function": "Library" }, "geometry": { "type": "MultiPolygon", "coordinates": [ [ [ [ 380534.699316660058685, 557657.266315957065672 ], [ 380540.814577759651002, 557658.407932226080447 ], [ 380541.748829064890742, 557649.716054949443787 ], [ 380535.950121768284589, 557648.783320353017189 ], [ 380534.699316660058685, 557657.266315957065672 ] ] ] ] } },
{ "type": "Feature", "properties": { "gid": 189, "id": 0, "names": "G1", "area_m2": 310.85171394270924, "building_function": "Classrooms" }, "geometry": { "type": "MultiPolygon", "coordinates": [ [ [ [ 380524.324261298577767, 557693.44083417346701 ], [ 380531.044329322758131, 557693.822353034163825 ], [ 380535.210860874154605, 557663.844295101938769 ], [ 380522.297083268582355, 557662.687749533681199 ], [ 380521.2703357533901, 557679.180135629139841 ], [ 380524.434580753208138, 557680.483685775077902 ], [ 380524.324261298577767, 557693.44083417346701 ] ] ] ] } },
{ "type": "Feature", "properties": { "gid": 190, "id": 0, "names": "G2", "area_m2": 20.847612741215418, "building_function": "Library" }, "geometry": { "type": "MultiPolygon", "coordinates": [ [ [ [ 380521.021870450000279, 557660.728862965130247 ], [ 380525.829569369205274, 557659.935639241011813 ], [ 380524.702196783793624, 557655.422195986961015 ], [ 380520.5532644300838, 557656.214330027345568 ], [ 380521.021870450000279, 557660.728862965130247 ] ] ] ] } },
{ "type": "Feature", "properties": { "gid": 191, "id": 0, "names": "G3", "area_m2": 30.908364921450449, "building_function": "Classrooms" }, "geometry": { "type": "MultiPolygon", "coordinates": [ [ [ [ 380525.918836311378982, 557544.631013884325512 ], [ 380530.820978375384584, 557545.17259743460454 ], [ 380531.522448400093708, 557539.124841492041014 ], [ 380526.619786489987746, 557538.26914971973747 ], [ 380525.918836311378982, 557544.631013884325512 ] ] ] ] } },
{ "type": "Feature", "properties": { "gid": 192, "id": 0, "names": "G4", "area_m2": 20.7649125202365, "building_function": "Library" }, "geometry": { "type": "MultiPolygon", "coordinates": [ [ [ [ 380526.221279084275011, 557536.306628101272509 ], [ 380533.09972552297404, 557536.84494368347805 ], [ 380533.17410280869808, 557534.017840530956164 ], [ 380526.611085560813081, 557533.007839852827601 ], [ 380526.221279084275011, 557536.306628101272509 ] ] ] ] } },
{ "type": "Feature", "properties": { "gid": 193, "id": 0, "names": "G5", "area_m2": 445.03344633553536, "building_function": "Classrooms" }, "geometry": { "type": "MultiPolygon", "coordinates": [ [ [ [ 380523.804236763622612, 557527.931769686285406 ], [ 380561.283529395295773, 557533.052594017470255 ], [ 380562.528370978543535, 557520.957342782523483 ], [ 380524.892266748822294, 557516.622047426644713 ], [ 380523.804236763622612, 557527.931769686285406 ] ] ] ] } },
{ "type": "Feature", "properties": { "gid": 194, "id": 0, "names": "Business Admin", "area_m2": 789.6261322760198, "building_function": "Classrooms" }, "geometry": { "type": "MultiPolygon", "coordinates": [ [ [ [ 380504.908069532189984, 557548.236135409213603 ], [ 380516.293396835040767, 557549.316684913355857 ], [ 380519.728313808562234, 557523.08290943922475 ], [ 380523.470990981324576, 557523.605469939648174 ], [ 380523.833061588462442, 557519.469102996750735 ], [ 380520.038210886414163, 557519.265972817898728 ], [ 380524.250541162211448, 557487.756486355676316 ], [ 380508.832329729921184, 557485.949680990655906 ], [ 380507.666893608577084, 557498.254215490655042 ], [ 380510.567638871143572, 557499.558205828419887 ], [ 380504.908069532189984, 557548.236135409213603 ] ] ] ] } },
{ "type": "Feature", "properties": { "gid": 195, "id": 0, "names": "Annex Library", "area_m2": 791.54359650854724, "building_function": "Admin Block" }, "geometry": { "type": "MultiPolygon", "coordinates": [ [ [ [ 380419.526592459180392, 557460.357924520154484 ], [ 380483.770622261683457, 557468.758753976318985 ], [ 380486.38621317432262, 557456.975330166518688 ], [ 380421.153479058411904, 557448.248933799215592 ], [ 380419.526592459180392, 557460.357924520154484 ] ] ] ] } },
{ "type": "Feature", "properties": { "gid": 196, "id": 0, "names": "ICT Building", "area_m2": 572.76228090507664, "building_function": "Library" }, "geometry": { "type": "MultiPolygon", "coordinates": [ [ [ [ 380437.430849850876257, 557531.330054305261001 ], [ 380451.266064204624854, 557531.961552393506281 ], [ 380457.127303239831235, 557491.052233717520721 ], [ 380443.619841397798155, 557489.438598901149817 ], [ 380437.430849850876257, 557531.330054305261001 ] ] ] ] } },
{ "type": "Feature", "properties": { "gid": 197, "id": 0, "names": "G6", "area_m2": 528.60278461507608, "building_function": "Library" }, "geometry": { "type": "MultiPolygon", "coordinates": [ [ [ [ 380411.134429541009013, 557524.384652674081735 ], [ 380422.046491769840941, 557526.094190321280621 ], [ 380424.868455909658223, 557511.640501897316426 ], [ 380432.459546980506275, 557512.884374725981615 ], [ 380433.551982270786539, 557504.244566098321229 ], [ 380426.118734866322484, 557502.843377001350746 ], [ 380427.834750232286751, 557488.862678650766611 ], [ 380415.183013824629597, 557486.841908260132186 ], [ 380411.134429541009013, 557524.384652674081735 ] ] ] ] } },
{ "type": "Feature", "properties": { "gid": 198, "id": 0, "names": "G7", "area_m2": 409.7109848732108, "building_function": "Laboratory" }, "geometry": { "type": "MultiPolygon", "coordinates": [ [ [ [ 380476.947091207082849, 557571.500706658116542 ], [ 380513.846308593871072, 557576.413053108844906 ], [ 380514.881719852273818, 557565.155776172992773 ], [ 380478.24687035405077, 557560.766504559316672 ], [ 380476.947091207082849, 557571.500706658116542 ] ] ] ] } },
{ "type": "Feature", "properties": { "gid": 199, "id": 0, "names": "G8", "area_m2": 371.97905790048986, "building_function": "Laboratory" }, "geometry": { "type": "MultiPolygon", "coordinates": [ [ [ [ 380444.585238047293387, 557569.632522928528488 ], [ 380475.263183026399929, 557573.036954508861527 ], [ 380476.614537261426449, 557561.622098055784591 ], [ 380445.829452112084255, 557557.170812006341293 ], [ 380444.585238047293387, 557569.632522928528488 ] ] ] ] } },
{ "type": "Feature", "properties": { "gid": 200, "id": 0, "names": "Theatre Arts Department", "area_m2": 425.77978217997531, "building_function": "Laboratory" }, "geometry": { "type": "MultiPolygon", "coordinates": [ [ [ [ 380395.366324799135327, 557540.432062207371928 ], [ 380392.347431278321892, 557563.262312010745518 ], [ 380415.646492455969565, 557566.260125517030247 ], [ 380416.784952295536641, 557553.589181539835408 ], [ 380406.664195436867885, 557552.349499650881626 ], [ 380407.912043892720249, 557542.086540760938078 ], [ 380395.366324799135327, 557540.432062207371928 ] ] ] ] } },
{ "type": "Feature", "properties": { "gid": 201, "id": 0, "names": "G9", "area_m2": 337.96623435355775, "building_function": "Library" }, "geometry": { "type": "MultiPolygon", "coordinates": [ [ [ [ 380416.869396777881775, 557566.397705097566359 ], [ 380443.330713080358692, 557569.494995237560943 ], [ 380444.258198496769182, 557556.719699501059949 ], [ 380418.11325970623875, 557553.72658673778642 ], [ 380416.869396777881775, 557566.397705097566359 ] ] ] ] } },
{ "type": "Feature", "properties": { "gid": 202, "id": 0, "names": "G10", "area_m2": 123.16481619737415, "building_function": "Admin Block" }, "geometry": { "type": "MultiPolygon", "coordinates": [ [ [ [ 380430.258509687031619, 557552.237151804030873 ], [ 380443.62313299451489, 557555.120540156378411 ], [ 380445.506089485308621, 557546.479428584570996 ], [ 380431.982970561017282, 557543.360719827818684 ], [ 380430.258509687031619, 557552.237151804030873 ] ] ] ] } },
{ "type": "Feature", "properties": { "gid": 203, "id": 0, "names": "Faculty of Law", "area_m2": 732.30851225139327, "building_function": "Classrooms" }, "geometry": { "type": "MultiPolygon", "coordinates": [ [ [ [ 380354.541003123449627, 557528.48324636509642 ], [ 380368.77300023753196, 557530.030223343637772 ], [ 380375.544443981430959, 557481.85560289863497 ], [ 380359.994033561437391, 557479.787289175787009 ], [ 380354.541003123449627, 557528.48324636509642 ] ] ] ] } },
{ "type": "Feature", "properties": { "gid": 204, "id": 0, "names": "Law Lecture Hall", "area_m2": 783.66075683455529, "building_function": "Classrooms" }, "geometry": { "type": "MultiPolygon", "coordinates": [ [ [ [ 380320.54161577107152, 557524.351439400808886 ], [ 380335.036256084043998, 557525.374459848739207 ], [ 380341.800309542100877, 557472.749958242988214 ], [ 380327.303491452243179, 557470.418147960212082 ], [ 380320.54161577107152, 557524.351439400808886 ] ] ] ] } },
{ "type": "Feature", "properties": { "gid": 205, "id": 0, "names": "G11", "area_m2": 839.56512770517429, "building_function": "Classrooms" }, "geometry": { "type": "MultiPolygon", "coordinates": [ [ [ [ 380301.055512987892143, 557532.498208715231158 ], [ 380313.44382854946889, 557534.571744777145796 ], [ 380323.085202307964209, 557469.116345820832066 ], [ 380310.695575731399003, 557466.257532523362897 ], [ 380301.055512987892143, 557532.498208715231158 ] ] ] ] } },
{ "type": "Feature", "properties": { "gid": 206, "id": 0, "names": "G12", "area_m2": 748.54184161099852, "building_function": "Laboratory" }, "geometry": { "type": "MultiPolygon", "coordinates": [ [ [ [ 380283.769005907466635, 557529.621342547587119 ], [ 380294.314181003603153, 557532.548642188543454 ], [ 380303.096970725455321, 557465.785868285805918 ], [ 380291.565801861113869, 557464.168985579279251 ], [ 380283.769005907466635, 557529.621342547587119 ] ] ] ] } },
{ "type": "Feature", "properties": { "gid": 207, "id": 0, "names": "G13", "area_m2": 474.44712569836395, "building_function": "Admin Block" }, "geometry": { "type": "MultiPolygon", "coordinates": [ [ [ [ 380256.893100314075127, 557496.997429762384854 ], [ 380269.861574973620009, 557499.331757156993262 ], [ 380274.543030638888013, 557462.102037119911984 ], [ 380262.681282101897523, 557459.765872221556492 ], [ 380256.893100314075127, 557496.997429762384854 ] ] ] ] } },
{ "type": "Feature", "properties": { "gid": 208, "id": 0, "names": "G14", "area_m2": 587.52999625551536, "building_function": "Classrooms" }, "geometry": { "type": "MultiPolygon", "coordinates": [ [ [ [ 380248.417507004807703, 557526.498485795338638 ], [ 380268.715387634700164, 557531.176481046481058 ], [ 380274.7283420546446, 557502.373169871629216 ], [ 380253.38119662727695, 557500.576243976945989 ], [ 380248.417507004807703, 557526.498485795338638 ] ] ] ] } },
{ "type": "Feature", "properties": { "gid": 209, "id": 0, "names": "G15", "area_m2": 775.03957509141287, "building_function": "Library" }, "geometry": { "type": "MultiPolygon", "coordinates": [ [ [ [ 380213.183828793058638, 557519.611592248897068 ], [ 380225.04470334778307, 557521.424231363576837 ], [ 380234.424665605300106, 557457.278014832176268 ], [ 380222.564215355843771, 557455.727127608144656 ], [ 380213.183828793058638, 557519.611592248897068 ] ] ] ] } },
{ "type": "Feature", "properties": { "gid": 210, "id": 0, "names": "G16", "area_m2": 1057.5841853656436, "building_function": "Laboratory" }, "geometry": { "type": "MultiPolygon", "coordinates": [ [ [ [ 380142.854557089973241, 557509.672373443492688 ], [ 380158.340511816262733, 557512.591459357878193 ], [ 380167.78412595030386, 557447.136318124365062 ], [ 380152.295987753663212, 557442.908437990467064 ], [ 380142.854557089973241, 557509.672373443492688 ] ] ] ] } },
{ "type": "Feature", "properties": { "gid": 211, "id": 0, "names": "G17", "area_m2": 498.48494243751099, "building_function": "Laboratory" }, "geometry": { "type": "MultiPolygon", "coordinates": [ [ [ [ 380110.187478844716679, 557415.211209201370366 ], [ 380148.930960252764635, 557419.858584575471468 ], [ 380150.228094657883048, 557407.553799685207196 ], [ 380111.483304217341356, 557402.121148905018345 ], [ 380110.187478844716679, 557415.211209201370366 ] ] ] ] } },
{ "type": "Feature", "properties": { "gid": 212, "id": 0, "names": "G18", "area_m2": 285.21334733152349, "building_function": "Admin Block" }, "geometry": { "type": "MultiPolygon", "coordinates": [ [ [ [ 380049.417876162100583, 557412.502522827591747 ], [ 380059.169844729593024, 557413.79512644559145 ], [ 380062.283281318435911, 557384.473031363915652 ], [ 380052.269973363145255, 557384.489651451585814 ], [ 380049.417876162100583, 557412.502522827591747 ] ] ] ] } },
{ "type": "Feature", "properties": { "gid": 213, "id": 0, "names": "G19", "area_m2": 1617.6773359348952, "building_function": "Laboratory" }, "geometry": { "type": "MultiPolygon", "coordinates": [ [ [ [ 380095.089613311807625, 557503.256763671175577 ], [ 380108.532412106520496, 557505.590275628492236 ], [ 380117.116978547885083, 557438.565988735528663 ], [ 380055.707040800363757, 557431.076915587298572 ], [ 380054.410357923014089, 557443.643459194921888 ], [ 380101.066453829174861, 557452.72755694121588 ], [ 380095.089613311807625, 557503.256763671175577 ] ] ] ] } },
{ "type": "Feature", "properties": { "gid": 214, "id": 0, "names": "G20", "area_m2": 1890.4959990042744, "building_function": "Admin Block" }, "geometry": { "type": "MultiPolygon", "coordinates": [ [ [ [ 380043.065124437911436, 557524.929424062836915 ], [ 380038.003009371110238, 557570.876317572197877 ], [ 380100.070084343082272, 557577.448093548067845 ], [ 380105.133539787551854, 557532.286488107056357 ], [ 380090.111655303393491, 557531.133509652107023 ], [ 380085.814615893526934, 557561.766296874498948 ], [ 380054.975117772817612, 557556.320583052234724 ], [ 380058.4829262868152, 557526.474372707773 ], [ 380043.065124437911436, 557524.929424062836915 ] ] ] ] } },
{ "type": "Feature", "properties": { "gid": 215, "id": 0, "names": "H1", "area_m2": 321.2516704849487, "building_function": "Classrooms" }, "geometry": { "type": "MultiPolygon", "coordinates": [ [ [ [ 380017.800345896277577, 557544.21057908819057 ], [ 380014.676078743534163, 557566.988692954997532 ], [ 380028.51348107366357, 557568.928894010139629 ], [ 380031.637752242852002, 557546.150782286073081 ], [ 380017.800345896277577, 557544.21057908819057 ] ] ] ] } },
{ "type": "Feature", "properties": { "gid": 216, "id": 0, "names": "H2", "area_m2": 360.18758392831171, "building_function": "Classrooms" }, "geometry": { "type": "MultiPolygon", "coordinates": [ [ [ [ 380055.840163907967508, 557621.038715165341273 ], [ 380065.591670214082114, 557622.06955310027115 ], [ 380070.010450579575263, 557585.416160394903272 ], [ 380059.734532562375534, 557585.956736689433455 ], [ 380055.840163907967508, 557621.038715165341273 ] ] ] ] } },
{ "type": "Feature", "properties": { "gid": 217, "id": 0, "names": "H3", "area_m2": 359.49799424624496, "building_function": "Classrooms" }, "geometry": { "type": "MultiPolygon", "coordinates": [ [ [ [ 380007.872711045434698, 557615.621474066749215 ], [ 380017.359408498508856, 557615.867473160964437 ], [ 380021.78033982263878, 557580.522853903006762 ], [ 380010.976100777857937, 557580.279041563742794 ], [ 380007.872711045434698, 557615.621474066749215 ] ] ] ] } },
{ "type": "Feature", "properties": { "gid": 218, "id": 0, "names": "H4", "area_m2": 349.42747318396266, "building_function": "Admin Block" }, "geometry": { "type": "MultiPolygon", "coordinates": [ [ [ [ 380031.874046327662654, 557628.931240442208946 ], [ 380040.568480737740174, 557628.131528081255965 ], [ 380043.933652946318034, 557591.741641272208653 ], [ 380033.656431095441803, 557591.496950793778524 ], [ 380031.874046327662654, 557628.931240442208946 ] ] ] ] } },
{ "type": "Feature", "properties": { "gid": 219, "id": 0, "names": "Boys Hostel", "area_m2": 1246.7381367874675, "building_function": "Classrooms" }, "geometry": { "type": "MultiPolygon", "coordinates": [ [ [ [ 380168.428487372526433, 557533.773832257604226 ], [ 380164.034908544912469, 557553.884110035724007 ], [ 380176.47732039244147, 557556.79515673185233 ], [ 380175.022866911313031, 557569.571340289199725 ], [ 380195.475897670723498, 557572.469101925962605 ], [ 380197.985078478173818, 557560.109983070520684 ], [ 380209.371373888105154, 557561.766349723329768 ], [ 380213.130809912399855, 557540.610100371064618 ], [ 380168.428487372526433, 557533.773832257604226 ] ] ] ] } },
{ "type": "Feature", "properties": { "gid": 220, "id": 0, "names": "H5", "area_m2": 54.143996228492604, "building_function": "Classrooms" }, "geometry": { "type": "MultiPolygon", "coordinates": [ [ [ [ 380191.867541581741534, 557589.38462257233914 ], [ 380201.513469616649672, 557590.310951911611483 ], [ 380202.13729185302509, 557585.127118951757438 ], [ 380192.332216882496141, 557583.572835222119465 ], [ 380191.867541581741534, 557589.38462257233914 ] ] ] ] } },
{ "type": "Feature", "properties": { "gid": 221, "id": 0, "names": "H6", "area_m2": 41.765752595621521, "building_function": "Classrooms" }, "geometry": { "type": "MultiPolygon", "coordinates": [ [ [ [ 380177.154197659692727, 557583.598009965731762 ], [ 380186.48339735600166, 557584.210753931314684 ], [ 380186.632905552687589, 557579.027706879307516 ], [ 380177.621998032438569, 557579.670870964298956 ], [ 380177.154197659692727, 557583.598009965731762 ] ] ] ] } },
{ "type": "Feature", "properties": { "gid": 222, "id": 0, "names": "H7", "area_m2": 174.78272910087932, "building_function": "Classrooms" }, "geometry": { "type": "MultiPolygon", "coordinates": [ [ [ [ 380212.60220625589136, 557573.422291599796154 ], [ 380217.345858343993314, 557573.72853480943013 ], [ 380218.811082565225661, 557567.443924210499972 ], [ 380222.71203235827852, 557568.06567422230728 ], [ 380221.879225320531987, 557574.34923599625472 ], [ 380226.412939355534036, 557575.17934291344136 ], [ 380228.494263971573673, 557559.051627075532451 ], [ 380223.750611138530076, 557558.745382889639586 ], [ 380222.811359187006019, 557564.40090375370346 ], [ 380219.332715355791152, 557564.197265554917976 ], [ 380220.059598739608191, 557557.599769369000569 ], [ 380215.103577278088778, 557556.351550494437106 ], [ 380212.60220625589136, 557573.422291599796154 ] ] ] ] } },
{ "type": "Feature", "properties": { "gid": 223, "id": 0, "names": "H8", "area_m2": 503.4071811341687, "building_function": "Laboratory" }, "geometry": { "type": "MultiPolygon", "coordinates": [ [ [ [ 380361.828292884863913, 557425.824615832301788 ], [ 380398.460629234847147, 557428.643309659091756 ], [ 380399.361459969659336, 557415.684800996095873 ], [ 380363.385286434204318, 557411.294470444903709 ], [ 380361.828292884863913, 557425.824615832301788 ] ] ] ] } },
{ "type": "Feature", "properties": { "gid": 224, "id": 0, "names": "H9", "area_m2": 595.15728525777888, "building_function": "Laboratory" }, "geometry": { "type": "MultiPolygon", "coordinates": [ [ [ [ 380359.47977080650162, 557453.009881059755571 ], [ 380401.848453056649305, 557458.881640682811849 ], [ 380404.198358064750209, 557445.789860036456957 ], [ 380361.204911094799172, 557438.825833957293071 ], [ 380359.47977080650162, 557453.009881059755571 ] ] ] ] } },
{ "type": "Feature", "properties": { "gid": 225, "id": 0, "names": "GST Block", "area_m2": 556.83709876448438, "building_function": "Classrooms" }, "geometry": { "type": "MultiPolygon", "coordinates": [ [ [ [ 380335.020475605037063, 557449.555917811929248 ], [ 380348.198892075743061, 557451.366398646496236 ], [ 380353.401863267295994, 557410.7853028079262 ], [ 380339.695990908425301, 557408.71393386204727 ], [ 380335.020475605037063, 557449.555917811929248 ] ] ] ] } },
{ "type": "Feature", "properties": { "gid": 226, "id": 0, "names": "H10", "area_m2": 1200.4567773828526, "building_function": "Classrooms" }, "geometry": { "type": "MultiPolygon", "coordinates": [ [ [ [ 380278.846901832905132, 557442.825814620824531 ], [ 380293.394262187997811, 557443.848744192393497 ], [ 380294.643140926607884, 557434.213982482790016 ], [ 380313.196860011434183, 557435.858498472254723 ], [ 380318.814404578180984, 557391.03621969174128 ], [ 380302.580237850779667, 557389.806669584708288 ], [ 380300.30299387103878, 557414.939217375125736 ], [ 380282.382034218986519, 557413.503061092575081 ], [ 380278.846901832905132, 557442.825814620824531 ] ] ] ] } },
{ "type": "Feature", "properties": { "gid": 227, "id": 0, "names": "H11", "area_m2": 685.22324718259165, "building_function": "Classrooms" }, "geometry": { "type": "MultiPolygon", "coordinates": [ [ [ [ 380269.731708950479515, 557412.347418396035209 ], [ 380282.382034218986519, 557413.503061092575081 ], [ 380286.102972602471709, 557390.30170724063646 ], [ 380298.946996321144979, 557391.724830941995606 ], [ 380299.87143060186645, 557377.117195180733688 ], [ 380274.412399260385428, 557374.646491881459951 ], [ 380269.731708950479515, 557412.347418396035209 ] ] ] ] } },
{ "type": "Feature", "properties": { "gid": 228, "id": 0, "names": "Basic Medical", "area_m2": 1757.6984858855196, "building_function": "Library" }, "geometry": { "type": "MultiPolygon", "coordinates": [ [ [ [ 380158.069412802229635, 557409.382699636509642 ], [ 380155.728230842389166, 557427.709651999757625 ], [ 380237.695654636947438, 557437.520554854767397 ], [ 380242.13190403446788, 557411.337397357448936 ], [ 380231.324176843161695, 557408.999487092718482 ], [ 380229.493505323829595, 557417.378780503058806 ], [ 380227.385442522354424, 557417.382274680770934 ], [ 380227.905082416313235, 557412.93152580363676 ], [ 380219.205417600169312, 557410.590123247005977 ], [ 380218.16136588237714, 557416.612290316377766 ], [ 380191.542730836197734, 557414.038838934036903 ], [ 380192.585044530860614, 557406.969641092931852 ], [ 380180.724583873990923, 557405.418757691862993 ], [ 380179.68010103929555, 557411.179168998962268 ], [ 380158.069412802229635, 557409.382699636509642 ] ] ] ] } },
{ "type": "Feature", "properties": { "gid": 229, "id": 0, "names": "Uniuyo Staff School", "area_m2": 2496.3098250953553, "building_function": "Library" }, "geometry": { "type": "MultiPolygon", "coordinates": [ [ [ [ 380049.835430300387088, 557245.337154694483615 ], [ 380042.450884304125793, 557238.37484489264898 ], [ 380020.821756056509912, 557257.257380501017906 ], [ 380016.862348713329993, 557253.180515187093988 ], [ 380037.996736393135507, 557233.899616166600026 ], [ 380030.236287494888529, 557225.902673329925165 ], [ 380009.080690632166807, 557244.313263624091633 ], [ 380005.437231618328951, 557240.078818097477779 ], [ 380026.820684080244973, 557220.03185415698681 ], [ 380020.062347873055842, 557212.50441327970475 ], [ 379997.324739999370649, 557230.341766352416016 ], [ 379994.788798531750217, 557226.576647729380056 ], [ 380015.627753809094429, 557207.904815714573488 ], [ 380009.711253173067234, 557199.538347846479155 ], [ 379985.922041027690284, 557218.843303284491412 ], [ 379980.433061816671398, 557214.036051264032722 ], [ 379982.747071586782113, 557211.100508331903256 ], [ 379976.622888913843781, 557204.61905270756688 ], [ 379973.041255125310272, 557205.881443056277931 ], [ 379968.816768783202861, 557200.862683843239211 ], [ 379991.551601315557491, 557181.35006142151542 ], [ 379984.368862472649198, 557172.148064298904501 ], [ 379962.053555804071948, 557190.403550898423418 ], [ 379960.362230686703697, 557187.474657382816076 ], [ 379982.463602063828148, 557167.334858814952895 ], [ 379974.650872974365484, 557159.599757780320942 ], [ 379948.96538607403636, 557182.682450457476079 ], [ 380023.944416203245055, 557268.414901056792587 ], [ 380049.835430300387088, 557245.337154694483615 ] ] ] ] } },
{ "type": "Feature", "properties": { "gid": 231, "id": 0, "names": "H12", "area_m2": 223.08568053464532, "building_function": "Laboratory" }, "geometry": { "type": "MultiPolygon", "coordinates": [ [ [ [ 379985.138756572734565, 557099.398210612125695 ], [ 379995.671521274314728, 557094.799937882460654 ], [ 380000.69448802882107, 557104.607578420429491 ], [ 380007.277438485063612, 557101.717299523763359 ], [ 379998.817339966306463, 557084.978737811674364 ], [ 379981.964914289535955, 557092.335974586661905 ], [ 379985.138756572734565, 557099.398210612125695 ] ] ] ] } },
{ "type": "Feature", "properties": { "gid": 232, "id": 0, "names": "H13", "area_m2": 206.60027105393428, "building_function": "Laboratory" }, "geometry": { "type": "MultiPolygon", "coordinates": [ [ [ [ 380010.488649974518921, 557106.489078683080152 ], [ 380020.404125588247553, 557126.889850535080768 ], [ 380029.753050799015909, 557123.471465550246648 ], [ 380026.313750079483725, 557115.231754640699364 ], [ 380024.206545948749408, 557115.758770068990998 ], [ 380017.06986287352629, 557102.551766213146038 ], [ 380010.488649974518921, 557106.489078683080152 ] ] ] ] } },
{ "type": "Feature", "properties": { "gid": 233, "id": 0, "names": "H14", "area_m2": 1292.8787226350175, "building_function": "Admin Block" }, "geometry": { "type": "MultiPolygon", "coordinates": [ [ [ [ 380247.148725508188363, 557287.931852936977521 ], [ 380260.436482451041229, 557292.097974085132591 ], [ 380273.423937268496957, 557242.237624361994676 ], [ 380235.252297577622812, 557232.877547431155108 ], [ 380228.541525273700245, 557254.038770011393353 ], [ 380253.637242271739524, 557259.860583196510561 ], [ 380247.148725508188363, 557287.931852936977521 ] ] ] ] } },
{ "type": "Feature", "properties": { "gid": 270, "id": 0, "names": "K4", "area_m2": 27.435129960409618, "building_function": "Classrooms" }, "geometry": { "type": "MultiPolygon", "coordinates": [ [ [ [ 380514.71769815456355, 557374.540235409047455 ], [ 380518.386392484884709, 557372.450661567621864 ], [ 380515.14392752799904, 557366.994443249888718 ], [ 380511.308919532748405, 557369.013263529748656 ], [ 380514.71769815456355, 557374.540235409047455 ] ] ] ] } },
{ "type": "Feature", "properties": { "gid": 234, "id": 0, "names": "H15", "area_m2": 123.50993477508656, "building_function": "Classrooms" }, "geometry": { "type": "MultiPolygon", "coordinates": [ [ [ [ 380220.80968315777136, 557119.099157058517449 ], [ 380235.702274299459532, 557121.692076764884405 ], [ 380237.270319650124293, 557113.836704857647419 ], [ 380221.850492304656655, 557111.113778107566759 ], [ 380220.80968315777136, 557119.099157058517449 ] ] ] ] } },
{ "type": "Feature", "properties": { "gid": 235, "id": 0, "names": "H16", "area_m2": 66.251359430867296, "building_function": "Classrooms" }, "geometry": { "type": "MultiPolygon", "coordinates": [ [ [ [ 380226.44954063167097, 557103.64602201746311 ], [ 380236.333729425386991, 557105.200203509069979 ], [ 380237.244737418775912, 557098.392955170711502 ], [ 380227.75624492787756, 557097.099876933847554 ], [ 380226.44954063167097, 557103.64602201746311 ] ] ] ] } },
{ "type": "Feature", "properties": { "gid": 236, "id": 0, "names": "H17", "area_m2": 398.63985641176004, "building_function": "Laboratory" }, "geometry": { "type": "MultiPolygon", "coordinates": [ [ [ [ 380302.934596122475341, 557299.41636629239656 ], [ 380321.279709162306972, 557302.370032475795597 ], [ 380323.772979933884926, 557280.378193434560671 ], [ 380306.220467357081361, 557278.679652862017974 ], [ 380305.429682381101884, 557278.523907329305075 ], [ 380302.934596122475341, 557299.41636629239656 ] ] ] ] } },
{ "type": "Feature", "properties": { "gid": 237, "id": 0, "names": "H18", "area_m2": 92.140301257427765, "building_function": "Classrooms" }, "geometry": { "type": "MultiPolygon", "coordinates": [ [ [ [ 380294.909155022760388, 557274.588776756310835 ], [ 380311.778715152817313, 557277.59723849047441 ], [ 380312.40177241130732, 557271.942222559824586 ], [ 380295.954691432008985, 557269.45657760661561 ], [ 380294.909155022760388, 557274.588776756310835 ] ] ] ] } },
{ "type": "Feature", "properties": { "gid": 238, "id": 0, "names": "H19", "area_m2": 29.437378709304973, "building_function": "Laboratory" }, "geometry": { "type": "MultiPolygon", "coordinates": [ [ [ [ 380324.180897572077811, 557278.471916117356159 ], [ 380331.771106158616021, 557279.166096657863818 ], [ 380332.081465367926285, 557275.631843045121059 ], [ 380324.332241280411836, 557274.388232766883448 ], [ 380324.180897572077811, 557278.471916117356159 ] ] ] ] } },
{ "type": "Feature", "properties": { "gid": 239, "id": 0, "names": "H20", "area_m2": 155.23212137243954, "building_function": "Classrooms" }, "geometry": { "type": "MultiPolygon", "coordinates": [ [ [ [ 380326.187649403815158, 557306.400837835040875 ], [ 380332.670990719692782, 557307.018322858144529 ], [ 380335.79330384824425, 557282.983728748979047 ], [ 380329.78323523508152, 557281.737238789093681 ], [ 380326.187649403815158, 557306.400837835040875 ] ] ] ] } },
{ "type": "Feature", "properties": { "gid": 240, "id": 0, "names": "J1", "area_m2": 107.56860985194021, "building_function": "Laboratory" }, "geometry": { "type": "MultiPolygon", "coordinates": [ [ [ [ 380304.727000755025074, 557323.610998820397072 ], [ 380318.644131126173306, 557325.94377576361876 ], [ 380320.361178128281608, 557312.591255937702954 ], [ 380316.091565651702695, 557312.12716119736433 ], [ 380314.681625944271218, 557319.982247389853001 ], [ 380305.509721846319735, 557318.898051904747263 ], [ 380304.727000755025074, 557323.610998820397072 ] ] ] ] } },
{ "type": "Feature", "properties": { "gid": 241, "id": 0, "names": "J2", "area_m2": 179.46893596814067, "building_function": "Classrooms" }, "geometry": { "type": "MultiPolygon", "coordinates": [ [ [ [ 380381.481337021337822, 557237.852478014188819 ], [ 380373.052880821225699, 557240.169902304420248 ], [ 380375.178622681472916, 557250.846134345862083 ], [ 380391.824726151302457, 557246.211636301362887 ], [ 380388.857146095426288, 557236.374424180248752 ], [ 380381.481337021337822, 557237.852478014188819 ] ] ] ] } },
{ "type": "Feature", "properties": { "gid": 242, "id": 0, "names": "J3", "area_m2": 111.61967391325862, "building_function": "Admin Block" }, "geometry": { "type": "MultiPolygon", "coordinates": [ [ [ [ 380390.073124519374687, 557254.616984323831275 ], [ 380376.245002512237988, 557258.304488115943968 ], [ 380377.706211497366894, 557265.50042912713252 ], [ 380392.325506670225877, 557262.204254236072302 ], [ 380390.073124519374687, 557254.616984323831275 ] ] ] ] } },
{ "type": "Feature", "properties": { "gid": 243, "id": 0, "names": "J4", "area_m2": 330.37609613329181, "building_function": "Classrooms" }, "geometry": { "type": "MultiPolygon", "coordinates": [ [ [ [ 380372.410794164752588, 557291.646648591849953 ], [ 380400.227209524076898, 557285.527818189817481 ], [ 380397.468358627171256, 557274.433825600426644 ], [ 380370.914698752050754, 557279.294126437860541 ], [ 380372.410794164752588, 557291.646648591849953 ] ] ] ] } },
{ "type": "Feature", "properties": { "gid": 244, "id": 0, "names": "J5", "area_m2": 380.61212595136561, "building_function": "Classrooms" }, "geometry": { "type": "MultiPolygon", "coordinates": [ [ [ [ 380378.346303789061494, 557311.530461375718005 ], [ 380404.053260111541022, 557304.5774972763611 ], [ 380400.236219007289037, 557290.972378184320405 ], [ 380374.107644569652621, 557297.926041803671978 ], [ 380378.346303789061494, 557311.530461375718005 ] ] ] ] } },
{ "type": "Feature", "properties": { "gid": 245, "id": 0, "names": "J6", "area_m2": 632.6316614145029, "building_function": "Laboratory" }, "geometry": { "type": "MultiPolygon", "coordinates": [ [ [ [ 380363.545813269971404, 557342.259208333329298 ], [ 380378.506829353864305, 557338.46512420871295 ], [ 380371.697592411539517, 557300.154977195314132 ], [ 380355.259882317972369, 557303.323287487961352 ], [ 380363.545813269971404, 557342.259208333329298 ] ] ] ] } },
{ "type": "Feature", "properties": { "gid": 246, "id": 0, "names": "J7", "area_m2": 446.47497638571622, "building_function": "Laboratory" }, "geometry": { "type": "MultiPolygon", "coordinates": [ [ [ [ 380385.054305672994815, 557345.992923975689337 ], [ 380413.08254507696256, 557340.501967856427655 ], [ 380409.472500975534786, 557324.593040444888175 ], [ 380382.288867260736879, 557330.920226408285089 ], [ 380385.054305672994815, 557345.992923975689337 ] ] ] ] } },
{ "type": "Feature", "properties": { "gid": 247, "id": 0, "names": "J8", "area_m2": 133.99982841180886, "building_function": "Laboratory" }, "geometry": { "type": "MultiPolygon", "coordinates": [ [ [ [ 380377.766108240000904, 557357.941161275841296 ], [ 380394.413918485981412, 557354.353695176308975 ], [ 380392.81987407640554, 557346.503587627899833 ], [ 380376.593674707866739, 557350.09035622945521 ], [ 380377.766108240000904, 557357.941161275841296 ] ] ] ] } },
{ "type": "Feature", "properties": { "gid": 248, "id": 0, "names": "J9", "area_m2": 171.63831736067462, "building_function": "Classrooms" }, "geometry": { "type": "MultiPolygon", "coordinates": [ [ [ [ 380340.690260416711681, 557361.017996433889493 ], [ 380362.720565861673094, 557361.609741442836821 ], [ 380363.023775292735081, 557353.756493766675703 ], [ 380341.099044054513797, 557353.269276563776657 ], [ 380340.690260416711681, 557361.017996433889493 ] ] ] ] } },
{ "type": "Feature", "properties": { "gid": 249, "id": 0, "names": "J10", "area_m2": 22.885007461561663, "building_function": "Classrooms" }, "geometry": { "type": "MultiPolygon", "coordinates": [ [ [ [ 380342.019783320778515, 557339.076092347153462 ], [ 380348.501951207814272, 557338.986832473194227 ], [ 380348.732997892017011, 557335.295658276649192 ], [ 380342.093374933523592, 557335.777816195855848 ], [ 380342.019783320778515, 557339.076092347153462 ] ] ] ] } },
{ "type": "Feature", "properties": { "gid": 250, "id": 0, "names": "Personnel", "area_m2": 571.33112855879267, "building_function": "Library" }, "geometry": { "type": "MultiPolygon", "coordinates": [ [ [ [ 380463.617509738367517, 557365.0179556744406 ], [ 380468.112946531386115, 557374.564689169172198 ], [ 380511.037018723553047, 557357.741186995757744 ], [ 380505.086667657480575, 557344.793999780900776 ], [ 380463.617509738367517, 557365.0179556744406 ] ] ] ] } },
{ "type": "Feature", "properties": { "gid": 251, "id": 0, "names": "J11", "area_m2": 966.97383080014856, "building_function": "Admin Block" }, "geometry": { "type": "MultiPolygon", "coordinates": [ [ [ [ 380444.059093110903632, 557357.36116568883881 ], [ 380506.468391049420461, 557331.815055025042966 ], [ 380501.228340969071724, 557318.159941314486787 ], [ 380438.188430806912947, 557344.806486746878363 ], [ 380444.059093110903632, 557357.36116568883881 ] ] ] ] } },
{ "type": "Feature", "properties": { "gid": 252, "id": 0, "names": "J12", "area_m2": 45.144449017967219, "building_function": "Admin Block" }, "geometry": { "type": "MultiPolygon", "coordinates": [ [ [ [ 380437.979130982188508, 557280.277742492617108 ], [ 380431.133114441123325, 557283.430168542545289 ], [ 380433.777722784434445, 557289.18447811412625 ], [ 380440.227827046241146, 557285.640069811721332 ], [ 380437.979130982188508, 557280.277742492617108 ] ] ] ] } },
{ "type": "Feature", "properties": { "gid": 253, "id": 0, "names": "J13", "area_m2": 282.88792806500152, "building_function": "Library" }, "geometry": { "type": "MultiPolygon", "coordinates": [ [ [ [ 380455.909979489631951, 557261.126629957696423 ], [ 380458.767990199907217, 557268.45113961584866 ], [ 380467.088616041466594, 557264.668057168833911 ], [ 380461.799750191741623, 557253.368838269030675 ], [ 380457.691099205228966, 557254.632074052817188 ], [ 380452.824190978193656, 557243.541562740691006 ], [ 380442.71482373343315, 557249.212267555296421 ], [ 380449.485227350087371, 557264.06895102490671 ], [ 380455.909979489631951, 557261.126629957696423 ] ] ] ] } },
{ "type": "Feature", "properties": { "gid": 254, "id": 0, "names": "J14", "area_m2": 58.491256649010865, "building_function": "Laboratory" }, "geometry": { "type": "MultiPolygon", "coordinates": [ [ [ [ 380461.225614205643069, 557250.371780524379574 ], [ 380468.808938636328094, 557246.904027395299636 ], [ 380466.47950360737741, 557240.520971812773496 ], [ 380458.26445121364668, 557244.40858378529083 ], [ 380461.225614205643069, 557250.371780524379574 ] ] ] ] } },
{ "type": "Feature", "properties": { "gid": 255, "id": 0, "names": "J15", "area_m2": 114.39451104725711, "building_function": "Laboratory" }, "geometry": { "type": "MultiPolygon", "coordinates": [ [ [ [ 380473.263580715225544, 557263.649202928529121 ], [ 380481.162248131178785, 557259.65741316427011 ], [ 380477.137704809487332, 557248.041991997743025 ], [ 380468.291098952526227, 557252.454163794172928 ], [ 380473.263580715225544, 557263.649202928529121 ] ] ] ] } },
{ "type": "Feature", "properties": { "gid": 256, "id": 0, "names": "J16", "area_m2": 39.509188374921251, "building_function": "Library" }, "geometry": { "type": "MultiPolygon", "coordinates": [ [ [ [ 380471.759711984777823, 557246.585037570795976 ], [ 380479.766208559565712, 557244.058916433015838 ], [ 380478.494097263203003, 557239.663476909394376 ], [ 380470.066160041140392, 557242.294998566736467 ], [ 380471.759711984777823, 557246.585037570795976 ] ] ] ] } },
{ "type": "Feature", "properties": { "gid": 257, "id": 0, "names": "J17", "area_m2": 96.450532315310568, "building_function": "Laboratory" }, "geometry": { "type": "MultiPolygon", "coordinates": [ [ [ [ 380483.115368650585879, 557261.565020218375139 ], [ 380489.357527049258351, 557259.748565590474755 ], [ 380484.985360531369224, 557245.071144708315842 ], [ 380479.138203532085754, 557246.729891556897201 ], [ 380483.115368650585879, 557261.565020218375139 ] ] ] ] } },
{ "type": "Feature", "properties": { "gid": 258, "id": 0, "names": "J18", "area_m2": 82.736078212309394, "building_function": "Library" }, "geometry": { "type": "MultiPolygon", "coordinates": [ [ [ [ 380485.178358920908067, 557282.109643457224593 ], [ 380492.28961624566, 557280.003817923134193 ], [ 380488.582756664021872, 557269.277853281237185 ], [ 380481.472796777263284, 557272.168952361796983 ], [ 380485.178358920908067, 557282.109643457224593 ] ] ] ] } },
{ "type": "Feature", "properties": { "gid": 259, "id": 0, "names": "J19", "area_m2": 196.45856766918348, "building_function": "Laboratory" }, "geometry": { "type": "MultiPolygon", "coordinates": [ [ [ [ 380466.468399472592864, 557299.200684540090151 ], [ 380472.497682678629644, 557312.069220912759192 ], [ 380478.711104726651683, 557308.813142663915642 ], [ 380477.653090003994294, 557306.406716187135316 ], [ 380485.131005174014717, 557302.93914061516989 ], [ 380480.370199027413037, 557292.267274276237004 ], [ 380466.468399472592864, 557299.200684540090151 ] ] ] ] } },
{ "type": "Feature", "properties": { "gid": 260, "id": 0, "names": "J20", "area_m2": 164.50910987349721, "building_function": "Classrooms" }, "geometry": { "type": "MultiPolygon", "coordinates": [ [ [ [ 380457.712033719522879, 557314.620515384012833 ], [ 380453.905741006718017, 557307.506985940039158 ], [ 380440.110042201937176, 557314.859038754249923 ], [ 380446.03184820630122, 557326.471309201791883 ], [ 380452.035154546960257, 557323.634389529470354 ], [ 380450.130968920246232, 557319.449407377513126 ], [ 380457.712033719522879, 557314.620515384012833 ] ] ] ] } },
{ "type": "Feature", "properties": { "gid": 261, "id": 0, "names": "Annex Gate House 1", "area_m2": 22.450345596418185, "building_function": "Laboratory" }, "geometry": { "type": "MultiPolygon", "coordinates": [ [ [ [ 380563.975802461442072, 557480.37969835230615 ], [ 380568.523381271108519, 557481.628617423120886 ], [ 380569.266329301521182, 557476.75869807403069 ], [ 380564.719139654131141, 557475.745360012282617 ], [ 380563.975802461442072, 557480.37969835230615 ] ] ] ] } },
{ "type": "Feature", "properties": { "gid": 262, "id": 0, "names": "K1", "area_m2": 190.36207733089145, "building_function": "Laboratory" }, "geometry": { "type": "MultiPolygon", "coordinates": [ [ [ [ 380553.737973120703828, 557501.968718163785525 ], [ 380564.684776145033538, 557508.756315962877125 ], [ 380567.991273658059072, 557491.888580888393335 ], [ 380566.664543023216538, 557491.930743552162312 ], [ 380567.813443692051806, 557486.469881765311584 ], [ 380562.669526797602884, 557485.201469297287986 ], [ 380559.380661337869242, 557488.217118314467371 ], [ 380558.342426811810583, 557497.77298539376352 ], [ 380555.179473700351082, 557497.254699397133663 ], [ 380553.737973120703828, 557501.968718163785525 ] ] ] ] } },
{ "type": "Feature", "properties": { "gid": 263, "id": 0, "names": "Annex W. Hostel 1", "area_m2": 2319.5683840918668, "building_function": "Classrooms" }, "geometry": { "type": "MultiPolygon", "coordinates": [ [ [ [ 380502.614710378693417, 557663.277198713971302 ], [ 380509.900059598265216, 557607.144427044666372 ], [ 380465.199923701409716, 557601.564427771256305 ], [ 380453.734358568792231, 557599.764189059380442 ], [ 380446.188835808367003, 557657.886765627888963 ], [ 380459.181865395337809, 557659.160957630025223 ], [ 380502.614710378693417, 557663.277198713971302 ] ], [ [ 380461.689696875400841, 557645.964251280413009 ], [ 380464.5921106156311, 557616.433243266772479 ], [ 380495.796181108802557, 557619.313291892409325 ], [ 380492.052265869337134, 557649.892715265974402 ], [ 380461.689696875400841, 557645.964251280413009 ] ] ] ] } },
{ "type": "Feature", "properties": { "gid": 264, "id": 0, "names": "Annex W. Hostel 2", "area_m2": 2128.5844516954917, "building_function": "Laboratory" }, "geometry": { "type": "MultiPolygon", "coordinates": [ [ [ [ 380433.705855246284045, 557655.649774275487289 ], [ 380441.034216743544675, 557600.061362275970168 ], [ 380395.965412218123674, 557594.639067772775888 ], [ 380384.262317123881076, 557592.616738833487034 ], [ 380378.25205074675614, 557648.517097167437896 ], [ 380433.705855246284045, 557655.649774275487289 ] ], [ [ 380391.452946093399078, 557638.464701877557673 ], [ 380394.878185946494341, 557606.419946334557608 ], [ 380427.297608544467948, 557611.234958514920436 ], [ 380423.554587056511082, 557642.337907785084099 ], [ 380391.452946093399078, 557638.464701877557673 ] ] ] ] } },
{ "type": "Feature", "properties": { "gid": 265, "id": 0, "names": "Annex W. Hostel 3", "area_m2": 2279.156142602204, "building_function": "Classrooms" }, "geometry": { "type": "MultiPolygon", "coordinates": [ [ [ [ 380360.693620597128756, 557616.675493291695602 ], [ 380365.320829905103892, 557573.19429772044532 ], [ 380366.882366113713942, 557561.412626937613823 ], [ 380310.741012821556069, 557552.86762322683353 ], [ 380303.192986339330673, 557609.419736003270373 ], [ 380317.16189779137494, 557611.228891171864234 ], [ 380360.693620597128756, 557616.675493291695602 ] ], [ [ 380318.985630273411516, 557598.661517084925435 ], [ 380322.887065479357261, 557567.767678099335171 ], [ 380352.983753071166575, 557571.616574608255178 ], [ 380348.812824545137119, 557602.822035425342619 ], [ 380318.985630273411516, 557598.661517084925435 ] ] ] ] } },
{ "type": "Feature", "properties": { "gid": 266, "id": 0, "names": "Annex W. Hostel 4", "area_m2": 2302.5094261838658, "building_function": "Laboratory" }, "geometry": { "type": "MultiPolygon", "coordinates": [ [ [ [ 380285.533972151053604, 557604.362182327895425 ], [ 380293.351349382719491, 557551.343341651139781 ], [ 380280.129047255439218, 557549.543856236035936 ], [ 380244.197360756981652, 557545.469822660437785 ], [ 380232.46802789112553, 557543.526085080346093 ], [ 380223.926155537075829, 557596.611588191590272 ], [ 380285.533972151053604, 557604.362182327895425 ] ], [ [ 380239.081786582595669, 557585.734432033845223 ], [ 380242.768681565765291, 557557.905676614260301 ], [ 380256.705450485926121, 557558.861983777256683 ], [ 380256.241810831706971, 557565.301987874088809 ], [ 380264.530318579170853, 557565.873729202197865 ], [ 380264.928440387593582, 557559.790681299753487 ], [ 380278.605059634544887, 557561.741232461878099 ], [ 380274.927878224931192, 557591.171918332460336 ], [ 380239.081786582595669, 557585.734432033845223 ] ] ] ] } },
{ "type": "Feature", "properties": { "gid": 267, "id": 0, "names": "Annex Gate House 2", "area_m2": 29.356880712619819, "building_function": "Laboratory" }, "geometry": { "type": "MultiPolygon", "coordinates": [ [ [ [ 379950.587939755641855, 557110.241150020738132 ], [ 379956.11785147653427, 557107.954661290510558 ], [ 379954.292597186751664, 557103.717189438524656 ], [ 379948.761120424373075, 557105.061347070150077 ], [ 379950.587939755641855, 557110.241150020738132 ] ] ] ] } },
{ "type": "Feature", "properties": { "gid": 268, "id": 0, "names": "K2", "area_m2": 372.89853921033625, "building_function": "Laboratory" }, "geometry": { "type": "MultiPolygon", "coordinates": [ [ [ [ 380012.364692359347828, 557089.184639844461344 ], [ 380018.773645733948797, 557104.168969122809358 ], [ 380039.494796836515889, 557095.768974001868628 ], [ 380033.5613943792996, 557081.204765939386562 ], [ 380027.023406633583363, 557083.846309706801549 ], [ 380026.282484018767718, 557082.479577468940988 ], [ 380018.214692095469218, 557085.281502324854955 ], [ 380018.849918423977215, 557086.543182082823478 ], [ 380012.364692359347828, 557089.184639844461344 ] ] ] ] } },
{ "type": "Feature", "properties": { "gid": 269, "id": 0, "names": "K3", "area_m2": 65.587797812018437, "building_function": "Classrooms" }, "geometry": { "type": "MultiPolygon", "coordinates": [ [ [ [ 380510.184147445950657, 557382.786795603460632 ], [ 380517.539686055155471, 557380.012406912283041 ], [ 380515.314997311332263, 557374.728394572506659 ], [ 380512.387957321421709, 557375.443521124194376 ], [ 380510.483094210154377, 557372.131998944911174 ], [ 380506.21261571557261, 557374.033158486941829 ], [ 380510.184147445950657, 557382.786795603460632 ] ] ] ] } },
{ "type": "Feature", "properties": { "gid": 271, "id": 0, "names": "K5", "area_m2": 47.348316143979083, "building_function": "Laboratory" }, "geometry": { "type": "MultiPolygon", "coordinates": [ [ [ [ 380520.085255395621061, 557380.009118802379817 ], [ 380527.76016344333766, 557378.930999468080699 ], [ 380525.692061124835163, 557372.620758277364075 ], [ 380519.124668713309802, 557373.420823905966245 ], [ 380520.085255395621061, 557380.009118802379817 ] ] ] ] } },
{ "type": "Feature", "properties": { "gid": 272, "id": 0, "names": "K6", "area_m2": 32.889995760984561, "building_function": "Classrooms" }, "geometry": { "type": "MultiPolygon", "coordinates": [ [ [ [ 380521.645437562372535, 557372.16576218244154 ], [ 380526.390196576307062, 557369.921829614555463 ], [ 380523.050168169371318, 557364.172713264357299 ], [ 380518.799822180415504, 557366.284293959266506 ], [ 380521.645437562372535, 557372.16576218244154 ] ] ] ] } },
{ "type": "Feature", "properties": { "gid": 273, "id": 0, "names": "K7", "area_m2": 17.868714535470652, "building_function": "Classrooms" }, "geometry": { "type": "MultiPolygon", "coordinates": [ [ [ [ 380522.736101944698021, 557385.628716700244695 ], [ 380526.692277895461302, 557385.096037450246513 ], [ 380526.104952224122826, 557380.88790157425683 ], [ 380521.989972269511782, 557381.105160350562073 ], [ 380522.736101944698021, 557385.628716700244695 ] ] ] ] } },
{ "type": "Feature", "properties": { "gid": 274, "id": 0, "names": "K8", "area_m2": 37.297291901466394, "building_function": "Laboratory" }, "geometry": { "type": "MultiPolygon", "coordinates": [ [ [ [ 380361.751824181526899, 557537.137338567408733 ], [ 380367.424343002727255, 557537.588316145935096 ], [ 380368.139127331844065, 557531.141934230457991 ], [ 380362.40054846968269, 557530.625298542901874 ], [ 380361.751824181526899, 557537.137338567408733 ] ] ] ] } },
{ "type": "Feature", "properties": { "gid": 275, "id": 0, "names": "Mets Station", "area_m2": 234.31261763077052, "building_function": "Classrooms" }, "geometry": { "type": "MultiPolygon", "coordinates": [ [ [ [ 380695.395326399884652, 556955.928650267072953 ], [ 380710.614629100251477, 556954.779194917296991 ], [ 380710.58959248312749, 556939.600514998892322 ], [ 380694.619242534623481, 556941.125991885666735 ], [ 380695.395326399884652, 556955.928650267072953 ] ] ] ] } },
{ "type": "Feature", "properties": { "gid": 276, "id": 0, "names": "Convoc Park", "area_m2": 265.22097886155359, "building_function": "Classrooms" }, "geometry": { "type": "MultiPolygon", "coordinates": [ [ [ [ 380764.273474935558625, 557103.204121438320726 ], [ 380776.251250225002877, 557099.115910431486554 ], [ 380769.58924750040751, 557079.547439698246308 ], [ 380756.849856455344707, 557085.671136576216668 ], [ 380764.273474935558625, 557103.204121438320726 ] ] ] ] } },
{ "type": "Feature", "properties": { "gid": 277, "id": 0, "names": "k9", "area_m2": 26.238197547028641, "building_function": "Classrooms" }, "geometry": { "type": "MultiPolygon", "coordinates": [ [ [ [ 380028.90248346014414, 557520.213920277077705 ], [ 380032.80851444369182, 557521.259712358587421 ], [ 380034.486194639583118, 557514.838028796250001 ], [ 380030.475166370277293, 557514.108094414696097 ], [ 380028.90248346014414, 557520.213920277077705 ] ] ] ] } },
{ "type": "Feature", "properties": { "gid": 278, "id": 0, "names": "Tennis Court", "area_m2": 1138.1868918332045, "building_function": "Laboratory" }, "geometry": { "type": "MultiPolygon", "coordinates": [ [ [ [ 380722.81157116452232, 557435.663679193938151 ], [ 380754.801990494655911, 557438.241568327182904 ], [ 380757.048944326350465, 557401.079363438650034 ], [ 380725.393147681723349, 557401.460444031399675 ], [ 380722.81157116452232, 557435.663679193938151 ] ] ] ] } },
{ "type": "Feature", "properties": { "gid": 279, "id": 0, "names": "Voleyball Court 1", "area_m2": 204.00203395935932, "building_function": "Laboratory" }, "geometry": { "type": "MultiPolygon", "coordinates": [ [ [ [ 380688.626477451471146, 557420.011607034015469 ], [ 380698.599004969350062, 557420.468665655818768 ], [ 380700.228649050171953, 557400.893637944944203 ], [ 380689.701351052324753, 557399.963970190496184 ], [ 380688.626477451471146, 557420.011607034015469 ] ] ] ] } },
{ "type": "Feature", "properties": { "gid": 280, "id": 0, "names": "Volleyball Court 2", "area_m2": 223.93569935911438, "building_function": "Classrooms" }, "geometry": { "type": "MultiPolygon", "coordinates": [ [ [ [ 380670.263716744433623, 557418.779197864118032 ], [ 380681.107054993568454, 557419.392657511052676 ], [ 380682.815183801227249, 557399.422895208233967 ], [ 380671.417595956823789, 557398.652508502709679 ], [ 380670.263716744433623, 557418.779197864118032 ] ] ] ] } },
{ "type": "Feature", "properties": { "gid": 281, "id": 0, "names": "Basketball Court 1", "area_m2": 472.54131505236819, "building_function": "Library" }, "geometry": { "type": "MultiPolygon", "coordinates": [ [ [ [ 380729.350413777225185, 557475.504554910236038 ], [ 380745.70773563842522, 557476.424603012157604 ], [ 380747.452269093832001, 557446.537083558621816 ], [ 380731.940151403250638, 557446.247004161821678 ], [ 380729.350413777225185, 557475.504554910236038 ] ] ] ] } },
{ "type": "Feature", "properties": { "gid": 282, "id": 0, "names": "Basketball Court 2", "area_m2": 487.5923353364434, "building_function": "Laboratory" }, "geometry": { "type": "MultiPolygon", "coordinates": [ [ [ [ 380753.624243454833049, 557477.884723321534693 ], [ 380769.454131874255836, 557478.910874695982784 ], [ 380772.253364370553754, 557448.705934744910337 ], [ 380756.106559092469979, 557447.469849157962017 ], [ 380753.624243454833049, 557477.884723321534693 ] ] ] ] } },
{ "type": "Feature", "properties": { "gid": 283, "id": 0, "names": "Hand Ball Court", "area_m2": 1014.2248942136744, "building_function": "Classrooms" }, "geometry": { "type": "MultiPolygon", "coordinates": [ [ [ [ 380661.80066125956364, 557556.786062068422325 ], [ 380685.861257028882392, 557557.851209294283763 ], [ 380687.373947920917999, 557515.389363511698321 ], [ 380663.945942781632766, 557514.007484957808629 ], [ 380661.80066125956364, 557556.786062068422325 ] ] ] ] } },
{ "type": "Feature", "properties": { "gid": 230, "id": 0, "names": "Uniuyo Day Care", "area_m2": 118.56977347325527, "building_function": "Classrooms" }, "geometry": { "type": "MultiPolygon", "coordinates": [ [ [ [ 379980.186733927344903, 557092.644312339485623 ], [ 379965.836236325558275, 557099.146681579411961 ], [ 379969.273480728908908, 557106.143039369257167 ], [ 379983.162509979330935, 557099.445117654511705 ], [ 379980.186733927344903, 557092.644312339485623 ] ] ] ] } },
{ "type": "Feature", "properties": { "gid": 284, "id": 0, "names": "Pg school", "area_m2": 4109.0835714855066, "building_function": "Classrooms" }, "geometry": { "type": "MultiPolygon", "coordinates": [ [ [ [ 386309.515302338404581, 556765.295980235212483 ], [ 386334.534319593629334, 556754.416088183177635 ], [ 386334.228554147062823, 556753.748066275729798 ], [ 386334.559338602935895, 556754.405208294512704 ], [ 386334.534319593629334, 556754.416088183177635 ], [ 386335.88299306249246, 556757.362606382113881 ], [ 386349.391941871959716, 556750.435935140470974 ], [ 386347.407235850114375, 556746.493082823697478 ], [ 386368.165032863616943, 556735.937889424385503 ], [ 386360.881065433146432, 556717.205972634488717 ], [ 386364.423007506353315, 556715.363889204105362 ], [ 386359.131780836265534, 556705.69142017851118 ], [ 386353.282839074207004, 556708.33947477163747 ], [ 386341.372014804335777, 556683.038209366844967 ], [ 386281.730404942994937, 556710.753719328320585 ], [ 386297.273164875805378, 556739.00874840002507 ], [ 386294.639289193844888, 556741.643535161856562 ], [ 386297.352758789085783, 556747.689759019529447 ], [ 386301.571817443240434, 556746.565103176631965 ], [ 386309.515302338404581, 556765.295980235212483 ] ] ] ] } },
{ "type": "Feature", "properties": { "gid": 285, "id": 0, "names": "PG School Extension", "area_m2": 680.46753989860326, "building_function": "Laboratory" }, "geometry": { "type": "MultiPolygon", "coordinates": [ [ [ [ 386418.954208193812519, 556710.523367702611722 ], [ 386419.616291874554008, 556712.166482212953269 ], [ 386435.762232920562383, 556704.578029393102042 ], [ 386417.900944612396415, 556669.750004420988262 ], [ 386402.411917669931427, 556675.69327461742796 ], [ 386418.954208193812519, 556710.523367702611722 ] ] ] ] } },
{ "type": "Feature", "properties": { "gid": 286, "id": 0, "names": "K10", "area_m2": 189.76557357298722, "building_function": "Classrooms" }, "geometry": { "type": "MultiPolygon", "coordinates": [ [ [ [ 386335.246084696031176, 556640.20829693984706 ], [ 386344.375742113974411, 556658.345419013872743 ], [ 386361.773405352490954, 556649.900024378439412 ], [ 386358.732253770926036, 556645.16963657643646 ], [ 386346.869664901110809, 556650.581093818764202 ], [ 386339.99079004349187, 556637.833261850755662 ], [ 386335.246084696031176, 556640.20829693984706 ] ] ] ] } },
{ "type": "Feature", "properties": { "gid": 287, "id": 0, "names": "k11", "area_m2": 237.48129257215112, "building_function": "Classrooms" }, "geometry": { "type": "MultiPolygon", "coordinates": [ [ [ [ 386374.739644353336189, 556689.334976006532088 ], [ 386384.648322628228925, 556682.79541254718788 ], [ 386374.279555946297478, 556665.133750183391385 ], [ 386364.791304941230919, 556670.620395774021745 ], [ 386374.739644353336189, 556689.334976006532088 ] ] ] ] } },
{ "type": "Feature", "properties": { "gid": 288, "id": 0, "names": "VC Admin Block", "area_m2": 992.66837077117214, "building_function": "Classrooms" }, "geometry": { "type": "MultiPolygon", "coordinates": [ [ [ [ 386570.801868265378289, 556965.760255285189487 ], [ 386564.680388077395037, 556964.928050557267852 ], [ 386549.295928366133012, 556978.631540408823639 ], [ 386553.945080423960462, 556982.622827910934575 ], [ 386550.996463997696992, 556986.415583162335679 ], [ 386563.674376265204046, 556996.286921412800439 ], [ 386584.324600086139981, 556976.051175395259634 ], [ 386570.801868265378289, 556965.760255285189487 ] ] ], [ [ [ 386549.312106475757901, 556988.943645333056338 ], [ 386548.467616560403258, 556988.734518576879054 ], [ 386539.205303623166401, 557003.691117378650233 ], [ 386552.52029708144255, 557016.08687346696388 ], [ 386567.269317315600347, 557000.91121800232213 ], [ 386549.312106475757901, 556988.943645333056338 ] ] ] ] } },
{ "type": "Feature", "properties": { "gid": 289, "id": 0, "names": "k12", "area_m2": 301.39126434016674, "building_function": "Laboratory" }, "geometry": { "type": "MultiPolygon", "coordinates": [ [ [ [ 386575.917991481954232, 556998.372232333524153 ], [ 386590.497896882996429, 557009.924203777802177 ], [ 386600.609657926717773, 556998.333507181378081 ], [ 386584.972572638536803, 556985.520481938845478 ], [ 386575.917991481954232, 556998.372232333524153 ] ] ] ] } },
{ "type": "Feature", "properties": { "gid": 290, "id": 0, "names": "Sciences", "area_m2": 5072.0900195606737, "building_function": "Laboratory" }, "geometry": { "type": "MultiPolygon", "coordinates": [ [ [ [ 386782.329416459891945, 557266.141371432808228 ], [ 386796.958503533911426, 557258.621122638927773 ], [ 386796.556007261911873, 557254.28119068860542 ], [ 386866.151936214999296, 557224.182889790390618 ], [ 386842.330975442775525, 557173.711822501383722 ], [ 386757.323776854027528, 557217.250564420362934 ], [ 386782.329416459891945, 557266.141371432808228 ] ] ] ] } },
{ "type": "Feature", "properties": { "gid": 291, "id": 0, "names": "Allumni Block", "area_m2": 636.60182025427321, "building_function": "Classrooms" }, "geometry": { "type": "MultiPolygon", "coordinates": [ [ [ [ 386917.610068840556778, 557043.36405134270899 ], [ 386934.074395724281203, 557028.540939310216345 ], [ 386949.256747019302566, 557037.395619573420845 ], [ 386956.167602276138496, 557028.50639657501597 ], [ 386934.703558796551079, 557009.138966038124636 ], [ 386910.676076016039588, 557037.455949517549016 ], [ 386917.610068840556778, 557043.36405134270899 ] ] ] ] } },
{ "type": "Feature", "properties": { "gid": 292, "id": 0, "names": "Shopping Complex", "area_m2": 1394.5157947901437, "building_function": "Laboratory" }, "geometry": { "type": "MultiPolygon", "coordinates": [ [ [ [ 387037.641269693442155, 557065.865717907436192 ], [ 387060.563042962225154, 557047.415418082266115 ], [ 387046.813424668216612, 557026.917889487929642 ], [ 387044.169266484619584, 557022.976057179505005 ], [ 387006.220788607257418, 557047.763383011100814 ], [ 387026.838652276957873, 557074.300650323973969 ], [ 387037.641269693442155, 557065.865717907436192 ] ] ] ] } },
{ "type": "Feature", "properties": { "gid": 293, "id": 0, "names": "1000 Capacity Hall", "area_m2": 1784.3437864355208, "building_function": "Admin Block" }, "geometry": { "type": "MultiPolygon", "coordinates": [ [ [ [ 386739.036395383067429, 557379.607507469481789 ], [ 386795.425349227793049, 557380.834470665315166 ], [ 386798.672863001120277, 557348.932825890369713 ], [ 386739.648992411850486, 557349.682967866770923 ], [ 386739.036395383067429, 557379.607507469481789 ] ] ] ] } },
{ "type": "Feature", "properties": { "gid": 294, "id": 0, "names": "K13", "area_m2": 3094.0932018649032, "building_function": "Laboratory" }, "geometry": { "type": "MultiPolygon", "coordinates": [ [ [ [ 386559.105152896023355, 557226.773015482001938 ], [ 386637.948629966238514, 557248.023312347359024 ], [ 386649.765436677844264, 557213.477565654786304 ], [ 386570.917802313051652, 557189.596610192558728 ], [ 386559.105152896023355, 557226.773015482001938 ] ] ] ] } },
{ "type": "Feature", "properties": { "gid": 295, "id": 0, "names": "K14", "area_m2": 1891.7368650240319, "building_function": "Classrooms" }, "geometry": { "type": "MultiPolygon", "coordinates": [ [ [ [ 386653.422736735432409, 557740.59720208006911 ], [ 386691.348726860247552, 557743.825991637073457 ], [ 386695.228297147608828, 557694.495311922742985 ], [ 386656.64330504386453, 557691.596379975904711 ], [ 386653.422736735432409, 557740.59720208006911 ] ] ] ] } },
{ "type": "Feature", "properties": { "gid": 296, "id": 0, "names": "Engineering", "area_m2": 2299.773490853303, "building_function": "Laboratory" }, "geometry": { "type": "MultiPolygon", "coordinates": [ [ [ [ 386435.552852118038572, 557450.225615815725178 ], [ 386533.761944333207794, 557414.557603239896707 ], [ 386525.153899255208671, 557392.539460795349441 ], [ 386429.256630669580773, 557430.505661754868925 ], [ 386435.552852118038572, 557450.225615815725178 ] ] ] ] } },
{ "type": "Feature", "properties": { "gid": 297, "id": 0, "names": "Environmment", "area_m2": 7328.8182224745269, "building_function": "Laboratory" }, "geometry": { "type": "MultiPolygon", "coordinates": [ [ [ [ 385903.766260275500827, 557321.856807302334346 ], [ 385943.331153598206583, 557318.637575378641486 ], [ 385922.484125019866042, 557147.152076073689386 ], [ 385877.12052200891776, 557153.537234561517835 ], [ 385903.766260275500827, 557321.856807302334346 ] ] ] ] } },
{ "type": "Feature", "properties": { "gid": 298, "id": 0, "names": "Agriculture", "area_m2": 4001.6296814565117, "building_function": "Classrooms" }, "geometry": { "type": "MultiPolygon", "coordinates": [ [ [ [ 386836.934039998624939, 557715.105802902835421 ], [ 386921.727338206488639, 557686.982942952075973 ], [ 386905.410870936641004, 557644.497294819913805 ], [ 386822.516532117966563, 557672.406737458542921 ], [ 386836.934039998624939, 557715.105802902835421 ] ] ] ] } },
{ "type": "Feature", "properties": { "gid": 299, "id": 0, "names": "K15", "area_m2": 1394.0191595890815, "building_function": "Classrooms" }, "geometry": { "type": "MultiPolygon", "coordinates": [ [ [ [ 386647.619219850981608, 557801.71416817617137 ], [ 386680.545692525221966, 557804.608810196747072 ], [ 386683.010770790977404, 557761.672813966637477 ], [ 386672.882947546138894, 557762.951416896772571 ], [ 386672.241578000131994, 557757.691133153974079 ], [ 386657.25757659325609, 557757.504198002745397 ], [ 386656.639327957294881, 557766.975491302786395 ], [ 386649.254333303309977, 557767.828889509779401 ], [ 386647.619219850981608, 557801.71416817617137 ] ] ] ] } },
{ "type": "Feature", "properties": { "gid": 300, "id": 0, "names": "K16", "area_m2": 2199.6349473754162, "building_function": "Laboratory" }, "geometry": { "type": "MultiPolygon", "coordinates": [ [ [ [ 386559.586250251915772, 557765.759952954016626 ], [ 386601.801628615241498, 557770.691875184304081 ], [ 386601.776842860970646, 557754.908040104666725 ], [ 386594.390111334621906, 557754.656575309694745 ], [ 386596.200338010385167, 557731.504050417221151 ], [ 386611.23760262678843, 557732.006567861652002 ], [ 386610.691834716475569, 557720.432584256632254 ], [ 386551.590512150432914, 557713.685722755035385 ], [ 386549.768313287757337, 557729.209396765916608 ], [ 386563.225689916405827, 557731.55583849886898 ], [ 386559.586250251915772, 557765.759952954016626 ] ] ] ] } },
{ "type": "Feature", "properties": { "gid": 301, "id": 0, "names": "K17", "area_m2": 3303.1889648591959, "building_function": "Classrooms" }, "geometry": { "type": "MultiPolygon", "coordinates": [ [ [ [ 386394.121251223026775, 557644.155344188562594 ], [ 386387.543379035603721, 557655.017110203159973 ], [ 386398.437960127135739, 557663.220746212406084 ], [ 386408.635809752275236, 557647.749655870255083 ], [ 386433.718815060332417, 557661.849939624080434 ], [ 386438.973051513254177, 557648.030782515765168 ], [ 386426.100509139359929, 557640.15908189653419 ], [ 386434.008750833803788, 557636.529507948551327 ], [ 386420.109219206962734, 557604.654769524931908 ], [ 386424.060498342267238, 557601.031417217687704 ], [ 386411.185878171934746, 557591.844397101085633 ], [ 386407.897196033736691, 557597.439693419146352 ], [ 386391.412936103297397, 557599.438602814101614 ], [ 386360.08953174733324, 557601.132028850377537 ], [ 386353.838819257041905, 557610.34912872617133 ], [ 386377.601827463135123, 557623.793812736403197 ], [ 386367.41070435900474, 557643.539699346874841 ], [ 386376.654485501348972, 557650.430606388370506 ], [ 386385.869298986508511, 557638.907029471243732 ], [ 386394.121251223026775, 557644.155344188562594 ] ] ] ] } },
{ "type": "Feature", "properties": { "gid": 302, "id": 0, "names": "K18", "area_m2": 3214.5531559266783, "building_function": "Classrooms" }, "geometry": { "type": "MultiPolygon", "coordinates": [ [ [ [ 386204.630364308832213, 557591.051471167942509 ], [ 386255.628669583704323, 557561.376358455629088 ], [ 386228.250998772215098, 557514.067801875178702 ], [ 386177.647738894389477, 557543.347709259716794 ], [ 386204.630364308832213, 557591.051471167942509 ] ] ] ] } },
{ "type": "Feature", "properties": { "gid": 303, "id": 0, "names": "K19", "area_m2": 392.38220702874872, "building_function": "Medical Facilities" }, "geometry": { "type": "MultiPolygon", "coordinates": [ [ [ [ 386189.234242053003982, 557613.962369919288903 ], [ 386199.115473203535657, 557606.844050471670926 ], [ 386180.869893313967623, 557579.250986767583527 ], [ 386171.383112544601317, 557585.579492043354549 ], [ 386189.234242053003982, 557613.962369919288903 ] ] ] ] } },
{ "type": "Feature", "properties": { "gid": 304, "id": 0, "names": "K20", "area_m2": 298.3074422662902, "building_function": "Laboratory" }, "geometry": { "type": "MultiPolygon", "coordinates": [ [ [ [ 386164.64693548384821, 557579.671147311688401 ], [ 386175.713396297767758, 557571.367165563628078 ], [ 386165.791743887413759, 557552.836725757340901 ], [ 386153.933264383813366, 557560.747359483968467 ], [ 386164.64693548384821, 557579.671147311688401 ] ] ] ] } },
{ "type": "Feature", "properties": { "gid": 305, "id": 0, "names": "L1", "area_m2": 1795.680034636357, "building_function": "Laboratory" }, "geometry": { "type": "MultiPolygon", "coordinates": [ [ [ [ 386127.528904060251079, 557447.583380387164652 ], [ 386179.260000133770518, 557422.510709453490563 ], [ 386154.779364036803599, 557372.238118721288629 ], [ 386103.050824754696805, 557398.954952851054259 ], [ 386109.004954713280313, 557410.783489072346129 ], [ 386149.529291355458554, 557388.687944639706984 ], [ 386163.095082214102149, 557417.932539180619642 ], [ 386121.576852213707753, 557437.070164988515899 ], [ 386127.528904060251079, 557447.583380387164652 ] ] ] ] } },
{ "type": "Feature", "properties": { "gid": 307, "id": 0, "names": "L3", "area_m2": 687.61204734347723, "building_function": "Classrooms" }, "geometry": { "type": "MultiPolygon", "coordinates": [ [ [ [ 386376.312946690944955, 557327.023768017417751 ], [ 386390.284772115875967, 557320.951314798556268 ], [ 386372.544076720136218, 557278.888852822361514 ], [ 386358.834801337856334, 557284.171701101702638 ], [ 386376.312946690944955, 557327.023768017417751 ] ] ] ] } },
{ "type": "Feature", "properties": { "gid": 308, "id": 0, "names": "L4", "area_m2": 5055.1603103548869, "building_function": "Classrooms" }, "geometry": { "type": "MultiPolygon", "coordinates": [ [ [ [ 386479.373819476924837, 557390.654980340157636 ], [ 386508.902063558343798, 557379.665110823116265 ], [ 386480.293805022141896, 557304.578789261053316 ], [ 386496.83355849183863, 557253.883279980160296 ], [ 386477.406714130600449, 557246.758431596099399 ], [ 386461.861549313704018, 557292.450868814019486 ], [ 386451.950646677985787, 557297.517279991414398 ], [ 386410.132159730244894, 557276.748270129435696 ], [ 386403.825791997602209, 557292.542062225518748 ], [ 386449.454549101588782, 557320.670890518347733 ], [ 386479.373819476924837, 557390.654980340157636 ] ] ] ] } },
{ "type": "Feature", "properties": { "gid": 309, "id": 0, "names": "L5", "area_m2": 691.85475621352828, "building_function": "Classrooms" }, "geometry": { "type": "MultiPolygon", "coordinates": [ [ [ [ 386404.21297227521427, 557211.587684010737576 ], [ 386419.5081594993826, 557208.275340997846797 ], [ 386424.363852202426642, 557192.615364408004098 ], [ 386413.791420474124607, 557179.610275345505215 ], [ 386398.101974884863012, 557183.843964296160266 ], [ 386393.11500703159254, 557199.89874698384665 ], [ 386404.21297227521427, 557211.587684010737576 ] ] ] ] } },
{ "type": "Feature", "properties": { "gid": 310, "id": 0, "names": "L6", "area_m2": 332.68515270538444, "building_function": "Library" }, "geometry": { "type": "MultiPolygon", "coordinates": [ [ [ [ 386309.569321826740634, 557344.392358347773552 ], [ 386303.54002630058676, 557368.603801611694507 ], [ 386315.151721906499006, 557371.47924571193289 ], [ 386324.08570384059567, 557349.104688235907815 ], [ 386309.569321826740634, 557344.392358347773552 ] ] ] ] } },
{ "type": "Feature", "properties": { "gid": 311, "id": 0, "names": "L7", "area_m2": 241.3595125487181, "building_function": "Laboratory" }, "geometry": { "type": "MultiPolygon", "coordinates": [ [ [ [ 386354.819991170079447, 557434.026255497708917 ], [ 386369.074621669540647, 557440.054325511562638 ], [ 386374.325769073155243, 557424.262184876482934 ], [ 386361.127985206141602, 557419.284710093983449 ], [ 386354.819991170079447, 557434.026255497708917 ] ] ] ] } },
{ "type": "Feature", "properties": { "gid": 312, "id": 0, "names": "L8", "area_m2": 1814.3308183758074, "building_function": "Laboratory" }, "geometry": { "type": "MultiPolygon", "coordinates": [ [ [ [ 386724.480515202158131, 557483.901556733064353 ], [ 386745.557962206949014, 557467.032389707048424 ], [ 386746.162708237476181, 557448.932608513394371 ], [ 386725.657003842876293, 557426.656887440360151 ], [ 386707.11365864664549, 557444.574343061889522 ], [ 386704.152189734741114, 557440.159503556089476 ], [ 386688.133723739068955, 557453.232620402937755 ], [ 386704.40975749772042, 557469.832771662506275 ], [ 386707.148967259039637, 557467.09260597336106 ], [ 386724.480515202158131, 557483.901556733064353 ] ] ] ] } },
{ "type": "Feature", "properties": { "gid": 313, "id": 0, "names": "L9", "area_m2": 2081.6360847308256, "building_function": "Laboratory" }, "geometry": { "type": "MultiPolygon", "coordinates": [ [ [ [ 386662.474524058634415, 557361.052975606988184 ], [ 386686.133306499919854, 557375.326581701636314 ], [ 386684.871694214874879, 557378.274882135912776 ], [ 386694.591684338985942, 557386.0463492955314 ], [ 386716.483623073785566, 557350.235261085559614 ], [ 386704.653573689225595, 557342.677550064516254 ], [ 386699.593921314575709, 557346.052707447553985 ], [ 386664.312484967929777, 557321.906097086961381 ], [ 386646.841808954428416, 557350.975817937520333 ], [ 386647.054828357999213, 557352.238193419761956 ], [ 386662.474524058634415, 557361.052975606988184 ] ] ] ] } },
{ "type": "Feature", "properties": { "gid": 314, "id": 0, "names": "L10", "area_m2": 1253.4570831689769, "building_function": "Laboratory" }, "geometry": { "type": "MultiPolygon", "coordinates": [ [ [ [ 386808.617314474307932, 557400.262533094384708 ], [ 386851.872641600610223, 557395.354405155638233 ], [ 386843.13866394769866, 557343.386564368847758 ], [ 386832.378654768806882, 557345.297476622508839 ], [ 386831.563171973219141, 557363.608033475116827 ], [ 386821.677644266805146, 557384.879116527037695 ], [ 386806.699176607537083, 557388.269801700836979 ], [ 386808.617314474307932, 557400.262533094384708 ] ] ] ] } },
{ "type": "Feature", "properties": { "gid": 315, "id": 0, "names": "L11", "area_m2": 1059.4191953437698, "building_function": "Classrooms" }, "geometry": { "type": "MultiPolygon", "coordinates": [ [ [ [ 386777.153260815946851, 557118.543548502027988 ], [ 386813.635403309133835, 557100.808498800499365 ], [ 386802.622471783659421, 557075.992464349255897 ], [ 386767.197821772017051, 557095.199021890060976 ], [ 386777.153260815946851, 557118.543548502027988 ] ] ] ] } },
{ "type": "Feature", "properties": { "gid": 316, "id": 0, "names": "L12", "area_m2": 1151.1783621305847, "building_function": "Laboratory" }, "geometry": { "type": "MultiPolygon", "coordinates": [ [ [ [ 386684.476522241195198, 557116.110715146642178 ], [ 386715.043281240796205, 557094.386303397244774 ], [ 386723.672162014758214, 557079.220272638136521 ], [ 386706.554873411660083, 557064.515483923139982 ], [ 386696.871455062995665, 557080.104072651360184 ], [ 386671.998142188764177, 557098.87324524926953 ], [ 386684.476522241195198, 557116.110715146642178 ] ] ] ] } },
{ "type": "Feature", "properties": { "gid": 317, "id": 0, "names": "L13", "area_m2": 522.12016780863678, "building_function": "Classrooms" }, "geometry": { "type": "MultiPolygon", "coordinates": [ [ [ [ 386619.040932997537311, 557094.24741916381754 ], [ 386666.550609750207514, 557110.614459703792818 ], [ 386669.173140061902814, 557100.745431152754463 ], [ 386621.794739223900251, 557083.983585121342912 ], [ 386619.040932997537311, 557094.24741916381754 ] ] ] ] } },
{ "type": "Feature", "properties": { "gid": 318, "id": 0, "names": "L14", "area_m2": 202.69763511546617, "building_function": "Classrooms" }, "geometry": { "type": "MultiPolygon", "coordinates": [ [ [ [ 386691.293647030135617, 557158.10813562409021 ], [ 386696.303564040106721, 557156.653428874909878 ], [ 386691.391530922148377, 557136.405164686846547 ], [ 386672.801310452166945, 557141.300996448844671 ], [ 386673.865167374198791, 557146.823682581423782 ], [ 386687.051418696762994, 557144.435433085425757 ], [ 386691.293647030135617, 557158.10813562409021 ] ] ] ] } },
{ "type": "Feature", "properties": { "gid": 319, "id": 0, "names": "L15", "area_m2": 1178.67194580828, "building_function": "Classrooms" }, "geometry": { "type": "MultiPolygon", "coordinates": [ [ [ [ 386437.487704924773425, 557086.972537896130234 ], [ 386455.035399029904511, 557106.937889777240343 ], [ 386452.928638281184249, 557109.256167196435854 ], [ 386462.443929808796383, 557121.026518821134232 ], [ 386483.516167710477021, 557100.790067504276522 ], [ 386471.463775598444045, 557086.077373412903398 ], [ 386464.293713411141653, 557089.455859415815212 ], [ 386457.103161099134013, 557079.786373072536662 ], [ 386460.050116162223276, 557074.941356222145259 ], [ 386451.595637031889055, 557066.747016742010601 ], [ 386432.834914245526306, 557080.666294695227407 ], [ 386437.487704924773425, 557086.972537896130234 ] ] ] ] } },
{ "type": "Feature", "properties": { "gid": 320, "id": 0, "names": "L16", "area_m2": 993.40950835193166, "building_function": "Admin Block" }, "geometry": { "type": "MultiPolygon", "coordinates": [ [ [ [ 386382.739370274939574, 557072.362004244467244 ], [ 386394.629785276134498, 557084.707360143540427 ], [ 386425.712072472670116, 557055.32682001311332 ], [ 386415.276898089272436, 557045.741352062323131 ], [ 386409.083801449916791, 557049.697050785529427 ], [ 386401.15740858099889, 557041.817563459509984 ], [ 386383.372000562609173, 557055.261806086171418 ], [ 386380.474543197546154, 557058.028538169455715 ], [ 386388.928950235247612, 557066.170258369995281 ], [ 386382.739370274939574, 557072.362004244467244 ] ] ] ] } },
{ "type": "Feature", "properties": { "gid": 321, "id": 0, "names": "Ultra Modern Hostel", "area_m2": 9473.9018043981996, "building_function": "Laboratory" }, "geometry": { "type": "MultiPolygon", "coordinates": [ [ [ [ 386992.745197735610418, 557545.344746195827611 ], [ 387056.130639864248224, 557592.597178927040659 ], [ 387124.569971074000932, 557497.787104158545844 ], [ 387061.706354542868212, 557446.85089038789738 ], [ 386992.745197735610418, 557545.344746195827611 ] ] ] ] } },
{ "type": "Feature", "properties": { "gid": 322, "id": 0, "names": "L17", "area_m2": 1696.579477220409, "building_function": "Admin Block" }, "geometry": { "type": "MultiPolygon", "coordinates": [ [ [ [ 385867.24876600666903, 557314.577740823966451 ], [ 385886.332674492790829, 557288.241099007660523 ], [ 385867.854259369487409, 557280.378324175719172 ], [ 385846.724861738097388, 557264.298955944483168 ], [ 385833.848537752404809, 557254.125520682544447 ], [ 385822.651604045473505, 557263.350486099836417 ], [ 385815.750764702970628, 557278.487631864147261 ], [ 385833.568132010637783, 557285.364944694330916 ], [ 385855.354949079104699, 557300.127944769337773 ], [ 385867.24876600666903, 557314.577740823966451 ] ] ] ] } },
{ "type": "Feature", "properties": { "gid": 323, "id": 0, "names": "L18", "area_m2": 1554.4116328457258, "building_function": "Classrooms" }, "geometry": { "type": "MultiPolygon", "coordinates": [ [ [ [ 385831.426348223467357, 557244.620639188098721 ], [ 385839.315820418880321, 557229.087337338598445 ], [ 385841.955893424456008, 557230.398493228596635 ], [ 385859.862278069718741, 557210.114204179728404 ], [ 385856.691282425133977, 557206.699365257052705 ], [ 385870.394741800962947, 557197.733515587635338 ], [ 385847.675568074278999, 557177.250312323216349 ], [ 385840.317009246908128, 557194.887293804669753 ], [ 385822.675255145237315, 557215.697300173691474 ], [ 385808.184976292192005, 557227.558120166417211 ], [ 385831.426348223467357, 557244.620639188098721 ] ] ] ] } },
{ "type": "Feature", "properties": { "gid": 324, "id": 0, "names": "L19", "area_m2": 785.39187987962873, "building_function": "Laboratory" }, "geometry": { "type": "MultiPolygon", "coordinates": [ [ [ [ 386021.204766874667257, 557395.557180246105418 ], [ 386003.931753340759315, 557399.267337165423669 ], [ 386000.478713061776944, 557384.278080326854251 ], [ 385985.976415123441257, 557388.510000199545175 ], [ 385993.676595225057099, 557420.197183160693385 ], [ 386025.054745533620007, 557411.335005926550366 ], [ 386021.204766874667257, 557395.557180246105418 ] ] ] ] } },
{ "type": "Feature", "properties": { "gid": 325, "id": 0, "names": "L20", "area_m2": 2751.4135039393741, "building_function": "Classrooms" }, "geometry": { "type": "MultiPolygon", "coordinates": [ [ [ [ 385960.383764124591835, 557392.879996218369342 ], [ 385949.423446992062964, 557384.87381081096828 ], [ 385944.949037932092324, 557391.325966039788909 ], [ 385927.146349312504753, 557393.721652716398239 ], [ 385922.921206265455112, 557390.966139737749472 ], [ 385913.574411424517166, 557402.424225630937144 ], [ 385922.815678200684488, 557407.670936792972498 ], [ 385920.32080257619964, 557414.777631870936602 ], [ 385923.241278746689204, 557426.610948330489919 ], [ 385932.231409428990446, 557439.881540251197293 ], [ 385926.605085065588355, 557446.335516263032332 ], [ 385935.898108649009373, 557450.950790005968884 ], [ 385940.537643370684236, 557448.838945621158928 ], [ 385941.182720015116502, 557456.414200378814712 ], [ 385935.71431309793843, 557468.208146873046644 ], [ 385937.625623765285127, 557475.781402697204612 ], [ 385945.442367611394729, 557481.030363506404683 ], [ 385957.256224971381016, 557478.275838715955615 ], [ 385964.844323261408135, 557472.371205304865725 ], [ 385963.559489111648872, 557460.587920222780667 ], [ 385953.62903401767835, 557453.237773383851163 ], [ 385950.873569176939782, 557445.665849863085896 ], [ 385957.62681571918074, 557445.655190620920621 ], [ 385964.986940122093074, 557429.017865051748231 ], [ 385959.705982935556676, 557425.869419368682429 ], [ 385959.679743765387684, 557409.243751484202221 ], [ 385954.183760149287991, 557403.570220990572125 ], [ 385960.383764124591835, 557392.879996218369342 ] ] ] ] } },
{ "type": "Feature", "properties": { "gid": 326, "id": 0, "names": "M1", "area_m2": 1152.1791614667968, "building_function": "Classrooms" }, "geometry": { "type": "MultiPolygon", "coordinates": [ [ [ [ 386129.119569167378359, 557242.745836590067483 ], [ 386165.841093299735803, 557243.108898897422478 ], [ 386164.546021942689549, 557224.801624695188366 ], [ 386161.168727441458032, 557224.386039727600291 ], [ 386159.67322189186234, 557212.813541346578859 ], [ 386144.254409473331179, 557204.630201966851018 ], [ 386130.754840171139222, 557209.070955981966108 ], [ 386129.119569167378359, 557242.745836590067483 ] ] ] ] } },
{ "type": "Feature", "properties": { "gid": 327, "id": 0, "names": "M2", "area_m2": 859.35515970581127, "building_function": "Admin Block" }, "geometry": { "type": "MultiPolygon", "coordinates": [ [ [ [ 386177.938069985015318, 557158.777566942968406 ], [ 386190.116913125442807, 557153.234031249186955 ], [ 386192.631250379548874, 557141.707833605003543 ], [ 386186.2821684005321, 557130.353428104543127 ], [ 386180.737156887538731, 557127.047540826490149 ], [ 386167.766661774017848, 557132.434484877390787 ], [ 386165.861339422117453, 557128.649351134663448 ], [ 386151.788106281601358, 557137.352651896653697 ], [ 386157.665585762937553, 557150.759703870280646 ], [ 386164.150831161881797, 557148.066230150405318 ], [ 386169.389223952079192, 557157.686155076138675 ], [ 386177.938069985015318, 557158.777566942968406 ] ] ] ] } },
{ "type": "Feature", "properties": { "gid": 328, "id": 0, "names": "M3", "area_m2": 245.50009519052759, "building_function": "Classrooms" }, "geometry": { "type": "MultiPolygon", "coordinates": [ [ [ [ 386420.706520240695681, 557512.524631108157337 ], [ 386430.503433757694438, 557502.091868667397648 ], [ 386418.693046628846787, 557490.272524309111759 ], [ 386408.103125002002344, 557499.680582851171494 ], [ 386408.261527963564731, 557499.759253219119273 ], [ 386408.974738425575197, 557500.365811296040192 ], [ 386420.706520240695681, 557512.524631108157337 ] ] ] ] } },
{ "type": "Feature", "properties": { "gid": 329, "id": 0, "names": "M4", "area_m2": 345.89577111093013, "building_function": "Laboratory" }, "geometry": { "type": "MultiPolygon", "coordinates": [ [ [ [ 386381.185883450205438, 557455.729282003478147 ], [ 386398.248235389357433, 557485.823361101443879 ], [ 386406.550434347358532, 557481.075143103837036 ], [ 386390.146754150104243, 557450.453897472587414 ], [ 386381.185883450205438, 557455.729282003478147 ] ] ] ] } },
{ "type": "Feature", "properties": { "gid": 330, "id": 0, "names": "M5", "area_m2": 167.05842847046674, "building_function": "Laboratory" }, "geometry": { "type": "MultiPolygon", "coordinates": [ [ [ [ 386429.654337581829168, 557452.798171829548664 ], [ 386423.150508789170999, 557443.653744284412824 ], [ 386411.452005317667499, 557452.668946270947345 ], [ 386417.797804396832362, 557461.971460162079893 ], [ 386429.654337581829168, 557452.798171829548664 ] ] ] ] } },
{ "type": "Feature", "properties": { "gid": 371, "id": 0, "names": "P4", "area_m2": 86.090490983004841, "building_function": "Classrooms" }, "geometry": { "type": "MultiPolygon", "coordinates": [ [ [ [ 386144.046111218107399, 557087.487704841070808 ], [ 386152.278655039728619, 557088.737452448229305 ], [ 386154.003082404611632, 557078.159530140575953 ], [ 386145.771531674196012, 557077.541136186337098 ], [ 386144.046111218107399, 557087.487704841070808 ] ] ] ] } },
{ "type": "Feature", "properties": { "gid": 372, "id": 0, "names": "P5", "area_m2": 178.634643645821, "building_function": "Library" }, "geometry": { "type": "MultiPolygon", "coordinates": [ [ [ [ 386192.720495338202454, 557305.665438317460939 ], [ 386200.633223418961279, 557304.863784150686115 ], [ 386196.771893238998018, 557281.851691238349304 ], [ 386189.386967881408054, 557282.784046607324854 ], [ 386192.720495338202454, 557305.665438317460939 ] ] ] ] } },
{ "type": "Feature", "properties": { "gid": 332, "id": 0, "names": "M7", "area_m2": 139.10419665143843, "building_function": "Classrooms" }, "geometry": { "type": "MultiPolygon", "coordinates": [ [ [ [ 386445.937836505065206, 557474.102738348650746 ], [ 386450.749570125713944, 557472.451021972694434 ], [ 386447.17165314668091, 557461.868292511673644 ], [ 386457.123733314045239, 557457.840916435467079 ], [ 386453.691379948402755, 557453.154990667942911 ], [ 386440.720938053564169, 557458.541894017602317 ], [ 386445.937836505065206, 557474.102738348650746 ] ] ] ] } },
{ "type": "Feature", "properties": { "gid": 3, "id": 0, "names": "A3", "area_m2": 209.88489591949747, "building_function": "Library" }, "geometry": { "type": "MultiPolygon", "coordinates": [ [ [ [ 380791.017711371474434, 556776.734920141869225 ], [ 380797.17866362904897, 556773.583648998988792 ], [ 380798.288251234160271, 556775.309436233481392 ], [ 380802.552968682255596, 556772.789513919386081 ], [ 380802.1544693481992, 556770.826970981899649 ], [ 380805.077486906782724, 556769.644235146115534 ], [ 380809.738116420106962, 556767.516300798859447 ], [ 380805.770979119464755, 556758.727702174917795 ], [ 380795.263019365200307, 556762.435831421869807 ], [ 380795.267030566988979, 556764.870192538830452 ], [ 380787.131177618051879, 556768.888526299386285 ], [ 380791.017711371474434, 556776.734920141869225 ] ] ] ] } },
{ "type": "Feature", "properties": { "gid": 4, "id": 0, "names": "A4", "area_m2": 419.03274770551985, "building_function": "Classrooms" }, "geometry": { "type": "MultiPolygon", "coordinates": [ [ [ [ 380849.236409907694906, 556822.34226965229027 ], [ 380856.741904681315646, 556819.581430154386908 ], [ 380855.154380383784883, 556815.657648944179527 ], [ 380856.470203632779885, 556814.60844274261035 ], [ 380855.410776243894361, 556811.338190839858726 ], [ 380853.566855956334621, 556811.733867535367608 ], [ 380851.977822399057914, 556806.893929188721813 ], [ 380856.848654113302473, 556804.399188825394958 ], [ 380855.260051862045657, 556799.821009013452567 ], [ 380849.860907188500278, 556801.531340398476459 ], [ 380843.37862084293738, 556785.574668261455372 ], [ 380848.559719169395976, 556783.468783585471101 ], [ 380846.440216543967836, 556776.535637967404909 ], [ 380833.800158593861852, 556781.66077594331 ], [ 380849.236409907694906, 556822.34226965229027 ] ] ] ] } },
{ "type": "Feature", "properties": { "gid": 5, "id": 0, "names": "A5", "area_m2": 336.8370655215848, "building_function": "Admin Block" }, "geometry": { "type": "MultiPolygon", "coordinates": [ [ [ [ 380840.716253367485479, 556753.824304062058218 ], [ 380854.975468273856677, 556797.425721168634482 ], [ 380862.983401685021818, 556795.737269678269513 ], [ 380859.82400858879555, 556787.79544482298661 ], [ 380847.27480176021345, 556752.085886085405946 ], [ 380840.716253367485479, 556753.824304062058218 ] ] ] ] } },
{ "type": "Feature", "properties": { "gid": 6, "id": 0, "names": "A6", "area_m2": 137.13160327882406, "building_function": "Classrooms" }, "geometry": { "type": "MultiPolygon", "coordinates": [ [ [ [ 380859.927865428908262, 556812.45566361292731 ], [ 380870.358705630176701, 556809.925591300358064 ], [ 380864.801725846889894, 556795.799715053988621 ], [ 380857.059457628522068, 556798.796527772210538 ], [ 380857.696019402821548, 556801.308373366715387 ], [ 380859.927865428908262, 556812.45566361292731 ] ] ] ] } },
{ "type": "Feature", "properties": { "gid": 7, "id": 0, "names": "A7", "area_m2": 364.36515943981806, "building_function": "Classrooms" }, "geometry": { "type": "MultiPolygon", "coordinates": [ [ [ [ 380867.218976049858611, 556847.522724382812157 ], [ 380879.437191964592785, 556842.26740974013228 ], [ 380868.961522502591833, 556817.574548496981151 ], [ 380856.216800719616003, 556823.144844780676067 ], [ 380867.218976049858611, 556847.522724382812157 ] ] ] ] } },
{ "type": "Feature", "properties": { "gid": 8, "id": 0, "names": "A8", "area_m2": 433.22599253908265, "building_function": "Laboratory" }, "geometry": { "type": "MultiPolygon", "coordinates": [ [ [ [ 380805.083358344854787, 556819.58626031759195 ], [ 380815.617703455965966, 556815.904266209574416 ], [ 380804.489918037375901, 556779.276223427266814 ], [ 380793.639528276049532, 556783.063444713829085 ], [ 380805.083358344854787, 556819.58626031759195 ] ] ] ] } },
{ "type": "Feature", "properties": { "gid": 333, "id": 0, "names": "M8", "area_m2": 1354.3661038795556, "building_function": "Library" }, "geometry": { "type": "MultiPolygon", "coordinates": [ [ [ [ 386459.944003793469165, 557497.175172492861748 ], [ 386489.693736020941287, 557492.86677883611992 ], [ 386495.239447855507024, 557496.646196717629209 ], [ 386496.710824908455834, 557526.475413785781711 ], [ 386511.905341157224029, 557526.293704343843274 ], [ 386511.889224666112568, 557516.034209649078548 ], [ 386513.946105418959633, 557515.557462267926894 ], [ 386511.851290093152784, 557491.884937603143044 ], [ 386508.843743682722561, 557491.731823155889288 ], [ 386507.869276673183776, 557475.949476936948486 ], [ 386492.204376355512068, 557478.97302202496212 ], [ 386492.040890082891565, 557475.658664549002424 ], [ 386466.879998968914151, 557479.170650807907805 ], [ 386466.40962672495516, 557482.012488135369495 ], [ 386459.605617939727381, 557483.285890649072826 ], [ 386459.944003793469165, 557497.175172492861748 ] ] ] ] } },
{ "type": "Feature", "properties": { "gid": 334, "id": 0, "names": "M9", "area_m2": 934.90220923191373, "building_function": "Laboratory" }, "geometry": { "type": "MultiPolygon", "coordinates": [ [ [ [ 386613.460857260855846, 557467.240668632439338 ], [ 386611.741504265402909, 557447.460913709015585 ], [ 386564.266746189445257, 557453.217625963734463 ], [ 386565.774082856834866, 557472.366360316285864 ], [ 386613.460857260855846, 557467.240668632439338 ] ] ] ] } },
{ "type": "Feature", "properties": { "gid": 335, "id": 0, "names": "M10", "area_m2": 3048.8735033710909, "building_function": "Laboratory" }, "geometry": { "type": "MultiPolygon", "coordinates": [ [ [ [ 386675.136909511988051, 557500.816159974900074 ], [ 386674.598997775523458, 557494.240391399245709 ], [ 386687.507357685826719, 557482.908372280187905 ], [ 386676.673484137456398, 557471.350526818074286 ], [ 386664.553628559864592, 557480.839859342668205 ], [ 386660.85880532534793, 557479.793397357454523 ], [ 386656.614926513517275, 557465.068442630581558 ], [ 386638.942929746059235, 557466.674554387107491 ], [ 386640.025775953545235, 557484.298178086522967 ], [ 386623.402370771858841, 557481.693616942036897 ], [ 386618.673821409698576, 557494.32813491334673 ], [ 386633.20335166627774, 557507.458560936502181 ], [ 386620.025838516186923, 557515.371175897191279 ], [ 386630.339965471008327, 557531.928055194322951 ], [ 386644.306805843894836, 557522.698880580370314 ], [ 386651.436365618312266, 557527.159790940931998 ], [ 386667.519782237242907, 557521.873268317896873 ], [ 386686.257271221547853, 557526.842101835412905 ], [ 386692.028642410878092, 557506.314020196441561 ], [ 386675.136909511988051, 557500.816159974900074 ] ] ] ] } },
{ "type": "Feature", "properties": { "gid": 336, "id": 0, "names": "M11", "area_m2": 709.40515909397038, "building_function": "Laboratory" }, "geometry": { "type": "MultiPolygon", "coordinates": [ [ [ [ 386338.258126276079565, 557463.717239946941845 ], [ 386376.127515053784009, 557489.543244407628663 ], [ 386385.756468363804743, 557472.955025288276374 ], [ 386380.686080854793545, 557469.49054445209913 ], [ 386375.786134611873422, 557473.759898411459289 ], [ 386366.913823970244266, 557468.249492739210837 ], [ 386370.388762888964266, 557463.666701567708515 ], [ 386360.721331870416179, 557455.78996427054517 ], [ 386355.979167905054055, 557459.743393772747368 ], [ 386344.255845093692187, 557452.974763785372488 ], [ 386338.258126276079565, 557463.717239946941845 ] ] ] ] } },
{ "type": "Feature", "properties": { "gid": 337, "id": 0, "names": "M12", "area_m2": 470.48004078148256, "building_function": "Classrooms" }, "geometry": { "type": "MultiPolygon", "coordinates": [ [ [ [ 386309.612996195093729, 557334.564628893043846 ], [ 386329.278835798962973, 557342.688701053266414 ], [ 386331.116531344945543, 557337.029918691143394 ], [ 386334.415671465336345, 557338.076988610206172 ], [ 386336.381543314433657, 557330.050422319909558 ], [ 386332.950089730438776, 557328.740495624486357 ], [ 386334.65236993203871, 557320.845876260893419 ], [ 386315.650161095894873, 557315.351405174704269 ], [ 386309.612996195093729, 557334.564628893043846 ] ] ] ] } },
{ "type": "Feature", "properties": { "gid": 338, "id": 0, "names": "M13", "area_m2": 2099.2993869946399, "building_function": "Library" }, "geometry": { "type": "MultiPolygon", "coordinates": [ [ [ [ 386542.755820105201565, 558019.705682720872574 ], [ 386582.718455842870753, 558018.064490115619265 ], [ 386580.265548285853583, 557967.954538139980286 ], [ 386569.578696897428017, 557965.998345622210763 ], [ 386568.383552723389585, 557960.870463766623288 ], [ 386556.909031203715131, 557961.283092077821493 ], [ 386556.523878645268269, 557967.99184504756704 ], [ 386541.488107276964001, 557968.410072761471383 ], [ 386542.755820105201565, 558019.705682720872574 ] ] ] ] } },
{ "type": "Feature", "properties": { "gid": 339, "id": 0, "names": "M14", "area_m2": 1060.2942826246865, "building_function": "Classrooms" }, "geometry": { "type": "MultiPolygon", "coordinates": [ [ [ [ 386638.839383277867455, 557874.106324467225932 ], [ 386656.017963295336813, 557894.335323195322417 ], [ 386666.042644387343898, 557894.582650215830654 ], [ 386686.589045556494966, 557875.609754296950996 ], [ 386676.281572329928167, 557863.261899898643605 ], [ 386650.95131291996222, 557859.618758631288074 ], [ 386638.839383277867455, 557874.106324467225932 ] ] ] ] } },
{ "type": "Feature", "properties": { "gid": 340, "id": 0, "names": "M15", "area_m2": 158.46596385471182, "building_function": "Library" }, "geometry": { "type": "MultiPolygon", "coordinates": [ [ [ [ 386731.445306433248334, 557904.871057192562148 ], [ 386735.455672643322032, 557905.285668464843184 ], [ 386736.805458205752075, 557891.288520679809153 ], [ 386752.532184889831115, 557894.104946222621948 ], [ 386752.946006424725056, 557888.843007806572132 ], [ 386733.4199486602447, 557885.611639280454256 ], [ 386731.445306433248334, 557904.871057192562148 ] ] ] ] } },
{ "type": "Feature", "properties": { "gid": 341, "id": 0, "names": "M16", "area_m2": 757.52007597502984, "building_function": "Laboratory" }, "geometry": { "type": "MultiPolygon", "coordinates": [ [ [ [ 387061.135501726297662, 556784.48895659937989 ], [ 387070.217130620963871, 556788.894256517873146 ], [ 387072.320633686438669, 556784.471495141508058 ], [ 387076.967460679181386, 556786.989657110301778 ], [ 387079.90954056289047, 556778.987914758734405 ], [ 387084.342370882921387, 556779.612349462346174 ], [ 387089.3938690830837, 556770.975961384247057 ], [ 387087.069470043992624, 556769.085527527728118 ], [ 387092.332666718633845, 556760.869712079875171 ], [ 387076.492819569888525, 556753.318188010016456 ], [ 387073.968876916274894, 556758.793861838057637 ], [ 387064.676533150952309, 556754.599341025226749 ], [ 387057.307206929544918, 556765.554314300185069 ], [ 387063.225205531751271, 556771.227260951185599 ], [ 387059.433708951284643, 556775.863109230296686 ], [ 387063.239333022793289, 556780.276645682519302 ], [ 387061.135501726297662, 556784.48895659937989 ] ] ] ] } },
{ "type": "Feature", "properties": { "gid": 355, "id": 0, "names": "N8", "area_m2": 264.71654092987336, "building_function": "Library" }, "geometry": { "type": "MultiPolygon", "coordinates": [ [ [ [ 385830.274660336435772, 556755.488772588432766 ], [ 385849.239650870789774, 556757.887813047505915 ], [ 385849.107750219700392, 556757.888021171209402 ], [ 385849.503867225255817, 556758.150461208075285 ], [ 385850.802742522209883, 556745.389756701537408 ], [ 385842.22836912877392, 556744.877155933296308 ], [ 385842.752028387854807, 556742.377211577026173 ], [ 385831.143316116766073, 556741.474802481359802 ], [ 385830.274660336435772, 556755.488772588432766 ] ] ] ] } },
{ "type": "Feature", "properties": { "gid": 357, "id": 0, "names": "N10", "area_m2": 289.50895957692035, "building_function": "Laboratory" }, "geometry": { "type": "MultiPolygon", "coordinates": [ [ [ [ 386992.21051500341855, 556014.428650400601327 ], [ 387016.585678418632597, 556014.232791019720025 ], [ 387016.962797345826402, 556002.315397838130593 ], [ 387004.221350262698252, 556002.493109181872569 ], [ 386992.903701313654892, 556002.195086241117679 ], [ 386992.21051500341855, 556014.428650400601327 ] ] ] ] } },
{ "type": "Feature", "properties": { "gid": 359, "id": 0, "names": "N12", "area_m2": 340.58371011599502, "building_function": "Medical Facilities" }, "geometry": { "type": "MultiPolygon", "coordinates": [ [ [ [ 386958.191830105031841, 557016.633670098497532 ], [ 386968.067863616743125, 557006.095662166830152 ], [ 386948.256678929261398, 556989.356286011985503 ], [ 386940.357085415278561, 556998.575885287369601 ], [ 386958.191830105031841, 557016.633670098497532 ] ] ] ] } },
{ "type": "Feature", "properties": { "gid": 15, "id": 0, "names": "A15", "area_m2": 28.473378888814644, "building_function": "Laboratory" }, "geometry": { "type": "MultiPolygon", "coordinates": [ [ [ [ 380699.306162589229643, 556843.834247393766418 ], [ 380704.257638661016244, 556842.307874454767443 ], [ 380702.878841107012704, 556837.127304940600879 ], [ 380697.769086212443653, 556838.549235149868764 ], [ 380699.306162589229643, 556843.834247393766418 ] ] ] ] } },
{ "type": "Feature", "properties": { "gid": 16, "id": 0, "names": "A16", "area_m2": 48.034867098755278, "building_function": "Classrooms" }, "geometry": { "type": "MultiPolygon", "coordinates": [ [ [ [ 380698.962400814867578, 556835.11908634705469 ], [ 380702.285535832168534, 556836.880484175286256 ], [ 380706.75163495313609, 556836.637534825247712 ], [ 380708.448163717926946, 556834.750066528911702 ], [ 380707.930370107060298, 556832.355818363721482 ], [ 380702.153746415860951, 556828.870851750136353 ], [ 380698.962400814867578, 556835.11908634705469 ] ] ] ] } },
{ "type": "Feature", "properties": { "gid": 17, "id": 0, "names": "A17", "area_m2": 274.58564970553215, "building_function": "Laboratory" }, "geometry": { "type": "MultiPolygon", "coordinates": [ [ [ [ 380746.261739954235964, 556870.353346588322893 ], [ 380766.529297179076821, 556888.538400340941735 ], [ 380772.054191265197005, 556883.189397814567201 ], [ 380772.843942710722331, 556882.716928754933178 ], [ 380753.045783583656885, 556861.547037917771377 ], [ 380746.261739954235964, 556870.353346588322893 ] ] ] ] } },
{ "type": "Feature", "properties": { "gid": 19, "id": 0, "names": "A19", "area_m2": 1114.1404066746843, "building_function": "Classrooms" }, "geometry": { "type": "MultiPolygon", "coordinates": [ [ [ [ 380813.618660845328122, 556832.637715555378236 ], [ 380805.619970739178825, 556871.91484238486737 ], [ 380793.928177768131718, 556876.802838625852019 ], [ 380793.291872602538206, 556874.448051171959378 ], [ 380800.718437247443944, 556871.765864154091105 ], [ 380797.861406097013969, 556865.017175005050376 ], [ 380784.428379164019134, 556868.651596631039865 ], [ 380785.384002238803077, 556872.890527051291429 ], [ 380787.913692478672601, 556872.88635764841456 ], [ 380787.606023436994292, 556878.069704377325252 ], [ 380772.843942710722331, 556882.716928754933178 ], [ 380775.930800899921451, 556893.009242708911188 ], [ 380783.674609924084507, 556890.954754002159461 ], [ 380784.151774305675644, 556892.681580348405987 ], [ 380794.739931099466048, 556889.680070390226319 ], [ 380794.261472747195512, 556887.167967487010173 ], [ 380826.974581363552716, 556878.161883978405967 ], [ 380825.542056268604938, 556872.353182302438654 ], [ 380817.78944610216422, 556869.067785689141601 ], [ 380823.747776837437414, 556838.903259164188057 ], [ 380813.618660845328122, 556832.637715555378236 ] ] ] ] } },
{ "type": "Feature", "properties": { "gid": 20, "id": 0, "names": "A20", "area_m2": 419.2921538802027, "building_function": "Laboratory" }, "geometry": { "type": "MultiPolygon", "coordinates": [ [ [ [ 380827.425670597935095, 556840.072500602691434 ], [ 380827.969939849805087, 556850.541990061406977 ], [ 380834.505491614807397, 556850.8453342752764 ], [ 380835.152231387502979, 556859.534687952487729 ], [ 380850.539973319740966, 556858.776411799481139 ], [ 380849.135229831445031, 556837.837955647381023 ], [ 380842.073693159851246, 556838.163699501776136 ], [ 380841.437303350423463, 556835.756558847497217 ], [ 380836.27303471416235, 556836.079177842359059 ], [ 380836.276656965725124, 556838.277953157667071 ], [ 380827.527624365407974, 556837.978255217778496 ], [ 380827.425670597935095, 556840.072500602691434 ] ] ] ] } },
{ "type": "Feature", "properties": { "gid": 21, "id": 0, "names": "B1", "area_m2": 197.29747225508655, "building_function": "Classrooms" }, "geometry": { "type": "MultiPolygon", "coordinates": [ [ [ [ 380863.259493572171777, 556880.838804034749046 ], [ 380872.478870367689524, 556878.729542933986522 ], [ 380867.305517056956887, 556857.535540851880796 ], [ 380858.745988811424468, 556860.298114736448042 ], [ 380863.259493572171777, 556880.838804034749046 ] ] ] ] } },
{ "type": "Feature", "properties": { "gid": 22, "id": 0, "names": "B2", "area_m2": 291.7502304213117, "building_function": "Laboratory" }, "geometry": { "type": "MultiPolygon", "coordinates": [ [ [ [ 380876.079902875586413, 556877.231582908891141 ], [ 380887.61786039621802, 556874.935273599112406 ], [ 380884.500919537735172, 556854.366106752655469 ], [ 380869.088594494096469, 556856.197630243608728 ], [ 380871.399362290510908, 556867.266253880341537 ], [ 380874.007846223248634, 556867.104902039747685 ], [ 380876.079902875586413, 556877.231582908891141 ] ] ] ] } },
{ "type": "Feature", "properties": { "gid": 23, "id": 0, "names": "B3", "area_m2": 33.423239850004457, "building_function": "Library" }, "geometry": { "type": "MultiPolygon", "coordinates": [ [ [ [ 380871.781609823228791, 556854.56243269436527 ], [ 380877.247382182802539, 556853.310072981403209 ], [ 380876.645325482590124, 556847.748673056135885 ], [ 380870.652210513188038, 556848.805581620312296 ], [ 380871.781609823228791, 556854.56243269436527 ] ] ] ] } },
{ "type": "Feature", "properties": { "gid": 24, "id": 0, "names": "B4", "area_m2": 273.43181166203033, "building_function": "Laboratory" }, "geometry": { "type": "MultiPolygon", "coordinates": [ [ [ [ 380818.235041989770252, 556909.073719873093069 ], [ 380842.663232831167988, 556901.573326099198312 ], [ 380839.813366047223099, 556891.173082676599734 ], [ 380815.451264537638053, 556898.804248605505563 ], [ 380818.235041989770252, 556909.073719873093069 ] ] ] ] } },
{ "type": "Feature", "properties": { "gid": 25, "id": 0, "names": "B5", "area_m2": 824.12413525760928, "building_function": "Laboratory" }, "geometry": { "type": "MultiPolygon", "coordinates": [ [ [ [ 380836.392578689032234, 556914.104483054368757 ], [ 380859.78029493719805, 556906.841393364942633 ], [ 380862.160674024780747, 556912.177363982540555 ], [ 380873.065039613400586, 556909.175345489755273 ], [ 380871.313720557081979, 556901.796614873921499 ], [ 380895.647747713490389, 556893.118477641954087 ], [ 380892.311495930654928, 556883.386520109255798 ], [ 380841.914420669898391, 556898.840626830933616 ], [ 380832.579414350679144, 556902.802758649806492 ], [ 380836.392578689032234, 556914.104483054368757 ] ] ] ] } },
{ "type": "Feature", "properties": { "gid": 26, "id": 0, "names": "B6", "area_m2": 273.91748978980672, "building_function": "Classrooms" }, "geometry": { "type": "MultiPolygon", "coordinates": [ [ [ [ 380886.590737450169399, 556897.813651349395514 ], [ 380893.159389733569697, 556918.220065433881246 ], [ 380888.736746898095589, 556920.84494240488857 ], [ 380890.42872337764129, 556924.192675303900614 ], [ 380904.014242472592741, 556917.155152590246871 ], [ 380895.966320947976783, 556894.552394690690562 ], [ 380886.590737450169399, 556897.813651349395514 ] ] ] ] } },
{ "type": "Feature", "properties": { "gid": 27, "id": 0, "names": "B7", "area_m2": 158.03786009592869, "building_function": "Admin Block" }, "geometry": { "type": "MultiPolygon", "coordinates": [ [ [ [ 380902.524108337354846, 556908.362492077401839 ], [ 380908.528152283455711, 556905.944419315899722 ], [ 380900.902536249661352, 556883.759777262224816 ], [ 380894.371299465768971, 556886.074015399441123 ], [ 380902.524108337354846, 556908.362492077401839 ] ] ] ] } },
{ "type": "Feature", "properties": { "gid": 28, "id": 0, "names": "B8", "area_m2": 26.044210929241075, "building_function": "Library" }, "geometry": { "type": "MultiPolygon", "coordinates": [ [ [ [ 380906.81514068110846, 556917.026640995871276 ], [ 380911.831563356739935, 556914.937394117238 ], [ 380910.00656178384088, 556910.817689422750846 ], [ 380904.909728328464553, 556912.082526935031638 ], [ 380906.81514068110846, 556917.026640995871276 ] ] ] ] } },
{ "type": "Feature", "properties": { "gid": 29, "id": 0, "names": "B9", "area_m2": 492.1944552003381, "building_function": "Classrooms" }, "geometry": { "type": "MultiPolygon", "coordinates": [ [ [ [ 380897.631333731987979, 556938.731794550665654 ], [ 380905.294275116291828, 556935.578064061701298 ], [ 380909.578122177161276, 556944.680231789476238 ], [ 380923.087602259649429, 556939.475154143758118 ], [ 380912.692905156058259, 556915.933933322085068 ], [ 380891.917293335252907, 556925.234425335889682 ], [ 380897.631333731987979, 556938.731794550665654 ] ] ] ] } },
{ "type": "Feature", "properties": { "gid": 110, "id": 0, "names": "Music Department Block", "area_m2": 451.44128835925346, "building_function": "Laboratory" }, "geometry": { "type": "MultiPolygon", "coordinates": [ [ [ [ 380904.173765402229037, 557429.838710389914922 ], [ 380942.945777985558379, 557451.893319552531466 ], [ 380947.806212414288893, 557443.116437707096338 ], [ 380908.770259028358851, 557420.800500073935837 ], [ 380904.173765402229037, 557429.838710389914922 ] ] ] ] } },
{ "type": "Feature", "properties": { "gid": 32, "id": 0, "names": "B12", "area_m2": 33.599879655971108, "building_function": "Laboratory" }, "geometry": { "type": "MultiPolygon", "coordinates": [ [ [ [ 380932.839473494968843, 556959.502218428184278 ], [ 380936.994695696397685, 556962.505607579252683 ], [ 380941.136127561447211, 556957.132726630661637 ], [ 380936.586288258433342, 556954.522625438868999 ], [ 380932.839473494968843, 556959.502218428184278 ] ] ] ] } },
{ "type": "Feature", "properties": { "gid": 127, "id": 0, "names": "E6", "area_m2": 217.60040035367084, "building_function": "Laboratory" }, "geometry": { "type": "MultiPolygon", "coordinates": [ [ [ [ 380890.249912080878858, 557189.747824521735311 ], [ 380907.769107861677185, 557187.232255834504031 ], [ 380906.169947092537768, 557176.241037931060418 ], [ 380903.403973451408092, 557176.769111572881229 ], [ 380902.606980224372819, 557172.844048310536891 ], [ 380897.73380321264267, 557173.899110639817081 ], [ 380898.002486528304871, 557177.039769013994373 ], [ 380888.125026015215553, 557179.542748294537887 ], [ 380890.249912080878858, 557189.747824521735311 ] ] ] ] } },
{ "type": "Feature", "properties": { "gid": 331, "id": 0, "names": "M6", "area_m2": 141.62855453345509, "building_function": "Classrooms" }, "geometry": { "type": "MultiPolygon", "coordinates": [ [ [ [ 386434.258735293464269, 557478.676498133107089 ], [ 386445.068777011707425, 557475.042368187219836 ], [ 386441.291356668109074, 557463.40769376931712 ], [ 386430.020286446029786, 557467.437145639327355 ], [ 386434.258735293464269, 557478.676498133107089 ] ] ] ] } },
{ "type": "Feature", "properties": { "gid": 368, "id": 0, "names": "P1", "area_m2": 2460.2137503191684, "building_function": "Classrooms" }, "geometry": { "type": "MultiPolygon", "coordinates": [ [ [ [ 385907.685857085045427, 557066.47048018570058 ], [ 385921.916121135349385, 557056.977686104597524 ], [ 385931.963766924687661, 557071.693475192645565 ], [ 385952.517765516764484, 557057.45554148114752 ], [ 385941.149877372838091, 557041.95263759966474 ], [ 385957.48515793075785, 557029.036687161307782 ], [ 385945.322962491132785, 557011.693579762009904 ], [ 385925.018225051811896, 557016.723844093969092 ], [ 385917.086785375780892, 557005.687626007129438 ], [ 385897.322930411959533, 557019.135126043693163 ], [ 385909.22133791341912, 557036.47864373808261 ], [ 385894.467621407238767, 557048.602916252217256 ], [ 385907.685857085045427, 557066.47048018570058 ] ] ] ] } },
{ "type": "Feature", "properties": { "gid": 369, "id": 0, "names": "P2", "area_m2": 217.21496506191025, "building_function": "Classrooms" }, "geometry": { "type": "MultiPolygon", "coordinates": [ [ [ [ 385933.964241842972115, 557241.586313470965251 ], [ 385949.503364160947967, 557240.253647794132121 ], [ 385947.504321668064222, 557227.235083772451617 ], [ 385932.139157488534693, 557226.573358310735784 ], [ 385933.964241842972115, 557241.586313470965251 ] ] ] ] } },
{ "type": "Feature", "properties": { "gid": 370, "id": 0, "names": "P3", "area_m2": 3766.8702411161039, "building_function": "Classrooms" }, "geometry": { "type": "MultiPolygon", "coordinates": [ [ [ [ 386007.965022089483682, 557217.419459916534834 ], [ 386024.818015330994967, 557240.082237396738492 ], [ 386047.873504782270174, 557222.946665423223749 ], [ 386040.602430893050041, 557212.435530532733537 ], [ 386050.811701613827609, 557204.198656757711433 ], [ 386056.103760090598371, 557214.38408089231234 ], [ 386072.56842262140708, 557199.88955853425432 ], [ 386061.993637380364817, 557185.437654725974426 ], [ 386055.404349773772992, 557189.065183587721549 ], [ 386046.146484124532435, 557173.295880659483373 ], [ 386060.96862755715847, 557162.749920365051366 ], [ 386045.76904764858773, 557143.044007902848534 ], [ 386037.190891064354219, 557140.098049219814129 ], [ 386015.779973332944792, 557154.600376679911278 ], [ 386026.027096625592094, 557170.368117784964852 ], [ 386012.197318244434427, 557182.885509069543332 ], [ 386005.592994218692183, 557176.976961530162953 ], [ 385993.407818760548253, 557186.861114180763252 ], [ 385992.432054085540585, 557195.412264895741828 ], [ 386001.023172011831775, 557206.578977328608744 ], [ 386011.232440338062588, 557198.342097226995975 ], [ 386018.172215187631082, 557207.867259086575359 ], [ 386007.965022089483682, 557217.419459916534834 ] ] ] ] } },
{ "type": "Feature", "properties": { "gid": 342, "id": 0, "names": "M17", "area_m2": 159.6028389543371, "building_function": "Admin Block" }, "geometry": { "type": "MultiPolygon", "coordinates": [ [ [ [ 386793.917867427575402, 555866.437736334628426 ], [ 386801.936188671563286, 555865.583403996075504 ], [ 386810.47948762611486, 555863.044641207787208 ], [ 386807.932999256125186, 555854.104433785309084 ], [ 386792.320577641308773, 555857.180368999601342 ], [ 386793.917867427575402, 555866.437736334628426 ] ] ] ] } },
{ "type": "Feature", "properties": { "gid": 343, "id": 0, "names": "M18", "area_m2": 132.98493673295178, "building_function": "Laboratory" }, "geometry": { "type": "MultiPolygon", "coordinates": [ [ [ [ 386851.952370753220748, 555760.661034791148268 ], [ 386864.930550165474415, 555760.009420167305507 ], [ 386864.280665721395053, 555749.277414357522503 ], [ 386857.476734834141098, 555750.708582483232021 ], [ 386851.144448254199233, 555750.087113967747428 ], [ 386851.952370753220748, 555760.661034791148268 ] ] ] ] } },
{ "type": "Feature", "properties": { "gid": 344, "id": 0, "names": "M19", "area_m2": 148.52438789874671, "building_function": "Classrooms" }, "geometry": { "type": "MultiPolygon", "coordinates": [ [ [ [ 386871.899661120725796, 555762.997473614872433 ], [ 386884.564723481773399, 555764.556090553291142 ], [ 386885.813000220805407, 555753.031930021708831 ], [ 386873.464008267619647, 555751.157142028096132 ], [ 386871.899661120725796, 555762.997473614872433 ] ] ] ] } },
{ "type": "Feature", "properties": { "gid": 345, "id": 0, "names": "Met Station", "area_m2": 2029.1257333001852, "building_function": "Classrooms" }, "geometry": { "type": "MultiPolygon", "coordinates": [ [ [ [ 386990.625195692817215, 556470.980078532011248 ], [ 387047.065571743063629, 556462.473927757353522 ], [ 387040.415114709059708, 556426.970646699890494 ], [ 386984.503545199695509, 556436.265164016745985 ], [ 386990.625195692817215, 556470.980078532011248 ] ] ] ] } },
{ "type": "Feature", "properties": { "gid": 346, "id": 0, "names": "M20", "area_m2": 2054.8814732358833, "building_function": "Classrooms" }, "geometry": { "type": "MultiPolygon", "coordinates": [ [ [ [ 386933.702107410528697, 557056.763981313328259 ], [ 386946.176143238088116, 557071.265623386367224 ], [ 386956.119346517662052, 557086.823480569757521 ], [ 386974.094543460989371, 557110.365934362635016 ], [ 386996.017962820129469, 557094.547810623073019 ], [ 386986.924848710710648, 557082.776746040792204 ], [ 386995.565293915919028, 557074.976539870491251 ], [ 386982.668862335616723, 557060.265100280288607 ], [ 386978.452678389381617, 557063.218010029988363 ], [ 386972.108664209255949, 557055.020322605152614 ], [ 386968.73466423409991, 557056.709208065294661 ], [ 386963.236780400329735, 557049.772906770114787 ], [ 386956.065385193156544, 557052.309535060310736 ], [ 386946.339470059843734, 557040.749914019252174 ], [ 386933.702107410528697, 557056.763981313328259 ] ] ] ] } },
{ "type": "Feature", "properties": { "gid": 347, "id": 0, "names": "N1", "area_m2": 842.48366134564515, "building_function": "Library" }, "geometry": { "type": "MultiPolygon", "coordinates": [ [ [ [ 386051.165407835156657, 556820.373814678285271 ], [ 386078.081799265230075, 556825.855781780555844 ], [ 386078.864004435774405, 556820.01450937311165 ], [ 386083.772689379868098, 556821.269490363658406 ], [ 386086.123284170054831, 556806.27109042101074 ], [ 386080.73751953424653, 556803.596310009132139 ], [ 386081.679497484001331, 556798.701819742447697 ], [ 386072.021896411722992, 556797.138639689073898 ], [ 386072.333983110962436, 556794.297047363361344 ], [ 386064.891314991458785, 556792.099024097202346 ], [ 386063.628550592809916, 556794.310758091742173 ], [ 386056.186627844639588, 556792.586251308210194 ], [ 386051.165407835156657, 556820.373814678285271 ] ] ] ] } },
{ "type": "Feature", "properties": { "gid": 348, "id": 0, "names": "N2", "area_m2": 1628.4569518480923, "building_function": "Classrooms" }, "geometry": { "type": "MultiPolygon", "coordinates": [ [ [ [ 386052.065714159223717, 556783.443564211833291 ], [ 386096.712527484691236, 556790.791681858594529 ], [ 386098.592261560959741, 556778.319447321700864 ], [ 386094.474480366450734, 556776.747541621443816 ], [ 386096.041878386458848, 556766.959060509339906 ], [ 386101.106610290007666, 556766.793247358989902 ], [ 386102.352229925862048, 556753.690655957674608 ], [ 386056.912997897074092, 556745.71242258080747 ], [ 386055.509105213102885, 556758.815265702782199 ], [ 386059.151300868368708, 556759.914401769870892 ], [ 386057.745419778686482, 556771.75453647878021 ], [ 386053.946932873688638, 556771.918358291033655 ], [ 386052.065714159223717, 556783.443564211833291 ] ] ] ] } },
{ "type": "Feature", "properties": { "gid": 349, "id": 0, "names": "N3", "area_m2": 1469.1035703242835, "building_function": "Classrooms" }, "geometry": { "type": "MultiPolygon", "coordinates": [ [ [ [ 385957.627616058452986, 556821.272492060670629 ], [ 385966.975625566090457, 556827.25563626177609 ], [ 385970.773114998009987, 556826.460454896790907 ], [ 385975.693248070776463, 556834.976003848714754 ], [ 385973.658740997430868, 556849.658236161805689 ], [ 385987.90722111123614, 556851.687682591727935 ], [ 385992.160394828184508, 556838.738183009554632 ], [ 386000.702568135922775, 556835.567940509878099 ], [ 386004.474685345834587, 556818.6732263591839 ], [ 385998.130527561181225, 556810.475598112214357 ], [ 385999.232024284545332, 556806.370049036107957 ], [ 385998.107642909511924, 556795.954449150012806 ], [ 385986.073340285918675, 556792.816635937662795 ], [ 385981.660141103144269, 556804.661514788051136 ], [ 385975.338619871647097, 556810.827199114952236 ], [ 385972.17251030105399, 556810.516511923517101 ], [ 385959.984655167441815, 556810.377886075293645 ], [ 385957.627616058452986, 556821.272492060670629 ] ] ] ] } },
{ "type": "Feature", "properties": { "gid": 350, "id": 0, "names": "N4", "area_m2": 267.95005877372694, "building_function": "Laboratory" }, "geometry": { "type": "MultiPolygon", "coordinates": [ [ [ [ 385988.128164776426274, 556718.485272600664757 ], [ 386000.133197261427995, 556719.781680152518675 ], [ 386001.81246663373895, 556697.28698210674338 ], [ 385990.466312314965762, 556695.594937874237075 ], [ 385988.128164776426274, 556718.485272600664757 ] ] ] ] } },
{ "type": "Feature", "properties": { "gid": 9, "id": 0, "names": "A9", "area_m2": 571.1734547655476, "building_function": "Laboratory" }, "geometry": { "type": "MultiPolygon", "coordinates": [ [ [ [ 380751.672344029531814, 556789.148727006744593 ], [ 380785.80534525285475, 556778.255609337240458 ], [ 380781.037064131407533, 556763.029037716332823 ], [ 380746.588361517468002, 556774.236790869152173 ], [ 380751.672344029531814, 556789.148727006744593 ] ] ] ] } },
{ "type": "Feature", "properties": { "gid": 351, "id": 0, "names": "Health Centre", "area_m2": 1442.3612569081872, "building_function": "Admin Block" }, "geometry": { "type": "MultiPolygon", "coordinates": [ [ [ [ 386075.855742479325272, 556659.9992899550125 ], [ 386061.921059583663009, 556656.233096690382808 ], [ 386051.56052756938152, 556710.861684374511242 ], [ 386100.008358521037735, 556719.624376998050138 ], [ 386102.357224910811055, 556703.521109675290063 ], [ 386092.856650873844046, 556701.168482558452524 ], [ 386071.324995708942879, 556697.729927741806023 ], [ 386077.437805753841531, 556659.523282289039344 ], [ 386075.855742479325272, 556659.9992899550125 ] ] ] ] } },
{ "type": "Feature", "properties": { "gid": 352, "id": 0, "names": "N5", "area_m2": 115.47413369901062, "building_function": "Classrooms" }, "geometry": { "type": "MultiPolygon", "coordinates": [ [ [ [ 386110.095148158550728, 556735.471308861277066 ], [ 386123.425284870609175, 556740.645856363000348 ], [ 386126.118066877941601, 556733.538867018651217 ], [ 386117.143754570395686, 556730.3304485862609 ], [ 386117.602404518285766, 556728.422506454167888 ], [ 386113.115506705013104, 556726.982712663593702 ], [ 386110.095148158550728, 556735.471308861277066 ] ] ] ] } },
{ "type": "Feature", "properties": { "gid": 353, "id": 0, "names": "N6", "area_m2": 853.47896423590714, "building_function": "Classrooms" }, "geometry": { "type": "MultiPolygon", "coordinates": [ [ [ [ 385975.51018453668803, 556589.09473900066223 ], [ 385978.685753903992008, 556595.403294148272835 ], [ 385986.619701615651138, 556608.017910705180839 ], [ 386007.957804808742367, 556589.043619972653687 ], [ 386014.298992089054082, 556595.347189606050961 ], [ 386023.780939334421419, 556585.861918031354435 ], [ 386004.76110457041068, 556569.318786159041338 ], [ 385975.51018453668803, 556589.09473900066223 ] ] ] ] } },
{ "type": "Feature", "properties": { "gid": 354, "id": 0, "names": "N7", "area_m2": 293.16316432344644, "building_function": "Laboratory" }, "geometry": { "type": "MultiPolygon", "coordinates": [ [ [ [ 385891.93855446355883, 556740.278399306116626 ], [ 385907.594706583069637, 556742.75282505818177 ], [ 385910.86152444628533, 556723.280862791347317 ], [ 385897.184376717719715, 556721.118992366828024 ], [ 385891.93855446355883, 556740.278399306116626 ] ] ] ] } },
{ "type": "Feature", "properties": { "gid": 356, "id": 0, "names": "N9", "area_m2": 1837.9047485069691, "building_function": "Classrooms" }, "geometry": { "type": "MultiPolygon", "coordinates": [ [ [ [ 386970.530138367030304, 556065.435541217331775 ], [ 387020.367560918035451, 556051.678455689572729 ], [ 387012.796860339527484, 556018.149587118532509 ], [ 386961.243051625904627, 556030.857094972627237 ], [ 386970.530138367030304, 556065.435541217331775 ] ] ] ] } },
{ "type": "Feature", "properties": { "gid": 358, "id": 0, "names": "N11", "area_m2": 2404.1931203659124, "building_function": "Classrooms" }, "geometry": { "type": "MultiPolygon", "coordinates": [ [ [ [ 386336.892542386078276, 557460.555992720532231 ], [ 386352.391684107249603, 557419.23044971760828 ], [ 386330.222678098361939, 557412.951766769285314 ], [ 386333.886063683952671, 557394.005342767923139 ], [ 386323.836473277886398, 557377.974201823817566 ], [ 386300.876468844595365, 557371.959833910339512 ], [ 386293.522391971142497, 557392.490457004751079 ], [ 386303.048944605863653, 557411.416130113997497 ], [ 386320.207852536870632, 557419.018010997329839 ], [ 386315.221755688020494, 557435.598935138201341 ], [ 386326.071429339936003, 557457.153174860519357 ], [ 386336.892542386078276, 557460.555992720532231 ] ] ] ] } },
{ "type": "Feature", "properties": { "gid": 360, "id": 0, "names": "N13", "area_m2": 928.45279194431407, "building_function": "Laboratory" }, "geometry": { "type": "MultiPolygon", "coordinates": [ [ [ [ 386947.444553688692395, 556969.068725239718333 ], [ 386959.840260784607381, 556967.207898381282575 ], [ 386961.434161291574128, 556974.308141446323134 ], [ 386975.401975533168297, 556965.605189782334492 ], [ 386980.411702834418975, 556964.01897486881353 ], [ 386980.668924573750701, 556959.809545279596932 ], [ 386975.91641848575091, 556957.186330418568105 ], [ 386975.899150984128937, 556946.137659800122492 ], [ 386971.151166439754888, 556946.408144547604024 ], [ 386971.928998157964088, 556937.725809236988425 ], [ 386943.441086859849747, 556939.348723367787898 ], [ 386947.444553688692395, 556969.068725239718333 ] ] ] ] } },
{ "type": "Feature", "properties": { "gid": 361, "id": 0, "names": "N14", "area_m2": 348.04669795458307, "building_function": "Classrooms" }, "geometry": { "type": "MultiPolygon", "coordinates": [ [ [ [ 387088.926846239191946, 557023.722865637857467 ], [ 387085.237926909932867, 557026.464493164559826 ], [ 387095.499302800861187, 557043.074124209000729 ], [ 387110.89006867853459, 557033.369333583395928 ], [ 387099.679839447548147, 557017.287310589104891 ], [ 387088.926846239191946, 557023.722865637857467 ] ] ] ] } },
{ "type": "Feature", "properties": { "gid": 362, "id": 0, "names": "N15", "area_m2": 182.62169987562629, "building_function": "Classrooms" }, "geometry": { "type": "MultiPolygon", "coordinates": [ [ [ [ 386811.362228509038687, 557648.570810558507219 ], [ 386833.340667279029731, 557634.33089463156648 ], [ 386829.534566335030831, 557629.601698988117278 ], [ 386807.393890396342613, 557641.316451858379878 ], [ 386811.362228509038687, 557648.570810558507219 ] ] ] ] } },
{ "type": "Feature", "properties": { "gid": 363, "id": 0, "names": "N16", "area_m2": 51.319488505983976, "building_function": "Classrooms" }, "geometry": { "type": "MultiPolygon", "coordinates": [ [ [ [ 386805.300687102018856, 557664.90345634915866 ], [ 386813.946146497444715, 557660.365199718507938 ], [ 386810.879172217624728, 557655.95052406436298 ], [ 386802.339396186755039, 557660.593841104069725 ], [ 386805.300687102018856, 557664.90345634915866 ] ] ] ] } },
{ "type": "Feature", "properties": { "gid": 364, "id": 0, "names": "N17", "area_m2": 49.201517271098226, "building_function": "Library" }, "geometry": { "type": "MultiPolygon", "coordinates": [ [ [ [ 386720.183506136294454, 557721.999132173950784 ], [ 386727.174335944873746, 557722.119699128204957 ], [ 386726.766674663347658, 557714.491468889289536 ], [ 386721.094417217478622, 557714.10576910013333 ], [ 386720.183506136294454, 557721.999132173950784 ] ] ] ] } },
{ "type": "Feature", "properties": { "gid": 365, "id": 0, "names": "N18", "area_m2": 20.710266948234501, "building_function": "Classrooms" }, "geometry": { "type": "MultiPolygon", "coordinates": [ [ [ [ 386730.046855303226039, 557710.474591001635417 ], [ 386733.476218235038687, 557710.469212464755401 ], [ 386733.334830433886964, 557704.418951524421573 ], [ 386730.168542364786845, 557703.963554584537633 ], [ 386730.046855303226039, 557710.474591001635417 ] ] ] ] } },
{ "type": "Feature", "properties": { "gid": 366, "id": 0, "names": "N19", "area_m2": 87.088846970824932, "building_function": "Classrooms" }, "geometry": { "type": "MultiPolygon", "coordinates": [ [ [ [ 386441.483177627203986, 557773.395091353566386 ], [ 386446.392534517566673, 557775.123598090955056 ], [ 386452.223267447086982, 557758.85703228903003 ], [ 386447.472684435313568, 557757.443952908390202 ], [ 386441.483177627203986, 557773.395091353566386 ] ] ] ] } },
{ "type": "Feature", "properties": { "gid": 367, "id": 0, "names": "N20", "area_m2": 64.529700604323409, "building_function": "Laboratory" }, "geometry": { "type": "MultiPolygon", "coordinates": [ [ [ [ 386428.477796998573467, 557756.526790963835083 ], [ 386439.724245139572304, 557762.033462902531028 ], [ 386441.456619268865325, 557756.50638024660293 ], [ 386430.845021458808333, 557752.103581192088313 ], [ 386428.477796998573467, 557756.526790963835083 ] ] ] ] } }
]
}
